,,,,
,Charge,Range (M),Elevation (MIL),Drift (MIL)
,3G,0,0,0
,3G,100,"8,2","0,2"
,3G,200,"16,4","0,3"
,3G,300,"24,6","0,5"
,3G,400,"32,9","0,6"
,3G,500,"41,3","0,8"
,3G,600,"49,7",1
,3G,700,"58,2","1,1"
,3G,800,"66,7","1,3"
,3G,900,"75,3","1,5"
,3G,1000,84,"1,6"
,3G,1100,"92,8","1,8"
,3G,1200,"101,6",2
,3G,1300,"110,5","2,2"
,3G,1400,"119,5","2,3"
,3G,1500,"128,6","2,5"
,3G,1600,"137,8","2,7"
,3G,1700,147,"2,9"
,3G,1800,"156,4","3,1"
,3G,1900,"165,9","3,3"
,3G,2000,"175,5","3,5"
,3G,2100,"185,2","3,7"
,3G,2200,"195,1","3,9"
,3G,2300,205,"4,1"
,3G,2400,"215,2","4,3"
,3G,2500,"225,4","4,5"
,3G,2600,"235,8","4,8"
,3G,2700,"246,4",5
,3G,2800,"257,2","5,2"
,3G,2900,"268,1","5,5"
,3G,3000,"279,3","5,7"
,3G,3100,"290,7",6
,3G,3200,"302,3","6,3"
,3G,3300,"314,1","6,5"
,3G,3400,"326,2","6,8"
,3G,3500,"338,6","7,1"
,3G,3600,"351,4","7,4"
,3G,3700,"364,4","7,7"
,3G,3800,"377,9","8,1"
,3G,3900,"391,8","8,4"
,3G,4000,"406,1","8,8"
,3G,4100,421,"9,2"
,3G,4200,"436,4","9,6"
,3G,4300,"452,6",10
,3G,4400,"469,5","10,5"
,3G,4500,"487,3",11
,3G,4600,"506,2","11,6"
,3G,4700,"526,5","12,2"
,3G,4800,"548,4","12,9"
,3G,4900,"572,6","13,7"
,3G,5000,"599,9","14,6"
,3G,5100,632,"15,8"
,3G,5200,"673,1","17,4"
,3G,5300,"748,1","20,7"
,3G,5300,"812,9",24
,3G,5200,"887,8","28,7"
,3G,5100,"928,8","31,7"
,3G,5000,"960,8","34,3"
,3G,4900,"987,9","36,7"
,3G,4800,"1011,9","39,1"
,3G,4700,"1033,7","41,4"
,3G,4600,"1053,8","43,8"
,3G,4500,"1072,5","46,2"
,3G,4400,"1090,1","48,7"
,3G,4300,"1106,7","51,2"
,3G,4200,"1122,6","53,9"
,3G,4100,"1137,7","56,7"
,3G,4000,"1152,2","59,6"
,3G,3900,"1166,1","62,8"
,3G,3800,"1179,5","66,2"
,3G,3700,"1192,4",70
,3G,3600,"1204,8","74,1"
,3G,3500,"1216,7","78,7"
,3G,3400,"1228,2",84
,3G,3300,"1239,3","89,9"
,3G,3200,1250,"96,9"
,3G,3100,"1260,1","105,1"
,3G,3000,"1269,9","114,9"
,3G,2900,"1279,1","126,7"
,4G,0,0,0
,4G,100,"6,2","0,1"
,4G,200,"12,3","0,2"
,4G,300,"18,4","0,3"
,4G,400,"24,6","0,5"
,4G,500,"30,9","0,6"
,4G,600,"37,2","0,7"
,4G,700,"43,5","0,8"
,4G,800,"49,8","0,9"
,4G,900,"56,2",1
,4G,1000,"62,7","1,2"
,4G,1100,"69,2","1,3"
,4G,1200,"75,7","1,4"
,4G,1300,"82,3","1,5"
,4G,1400,"88,9","1,7"
,4G,1500,"95,6","1,8"
,4G,1600,"102,4","1,9"
,4G,1700,"109,1","2,1"
,4G,1800,116,"2,2"
,4G,1900,"122,9","2,3"
,4G,2000,"129,9","2,5"
,4G,2100,"136,9","2,6"
,4G,2200,144,"2,8"
,4G,2300,"151,1","2,9"
,4G,2400,"158,3","3,1"
,4G,2500,"165,6","3,2"
,4G,2600,173,"3,4"
,4G,2700,"180,4","3,5"
,4G,2800,"187,9","3,7"
,4G,2900,"195,5","3,8"
,4G,3000,"203,2",4
,4G,3100,211,"4,1"
,4G,3200,"218,8","4,3"
,4G,3300,"226,8","4,5"
,4G,3400,"234,8","4,7"
,4G,3500,243,"4,8"
,4G,3600,"251,3",5
,4G,3700,"259,7","5,2"
,4G,3800,"268,2","5,4"
,4G,3900,"276,8","5,6"
,4G,4000,"285,6","5,8"
,4G,4100,"294,5",6
,4G,4200,"303,6","6,2"
,4G,4300,"312,9","6,4"
,4G,4400,"322,3","6,6"
,4G,4500,"331,9","6,8"
,4G,4600,"341,6","7,1"
,4G,4700,"351,6","7,3"
,4G,4800,"361,8","7,6"
,4G,4900,"372,3","7,8"
,4G,5000,383,"8,1"
,4G,5100,394,"8,4"
,4G,5200,"405,3","8,7"
,4G,5300,"416,9",9
,4G,5400,"428,9","9,3"
,4G,5500,"441,3","9,6"
,4G,5600,"454,1",10
,4G,5700,"467,5","10,3"
,4G,5800,"481,4","10,7"
,4G,5900,496,"11,2"
,4G,6000,"511,3","11,6"
,4G,6100,"527,6","12,1"
,4G,6200,545,"12,6"
,4G,6300,"563,7","13,3"
,4G,6400,"584,2","13,9"
,4G,6500,"607,1","14,7"
,4G,6600,"633,6","15,7"
,4G,6700,"666,2","16,9"
,4G,6800,"713,6","18,9"
,4G,6800,"839,7","25,4"
,4G,6700,"887,1","28,4"
,4G,6600,"919,6","30,7"
,4G,6500,946,"32,8"
,4G,6400,"968,9","34,7"
,4G,6300,"989,3","36,6"
,4G,6200,"1007,9","38,5"
,4G,6100,"1025,2","40,3"
,4G,6000,"1041,4","42,1"
,4G,5900,"1056,7","43,9"
,4G,5800,"1071,2","45,8"
,4G,5700,1085,"47,6"
,4G,5600,"1098,2","49,5"
,4G,5500,"1110,9","51,5"
,4G,5400,"1123,2","53,5"
,4G,5300,1135,"55,6"
,4G,5200,"1146,4","57,8"
,4G,5100,"1157,5","60,1"
,4G,5000,"1168,3","62,4"
,4G,4900,"1178,7",65
,4G,4800,"1188,9","67,6"
,4G,4700,"1198,8","70,5"
,4G,4600,"1208,4","73,5"
,4G,4500,"1217,7","76,8"
,4G,4400,"1226,8","80,4"
,4G,4300,"1235,7","84,4"
,4G,4200,"1244,3","88,7"
,4G,4100,"1252,6","93,6"
,4G,4000,"1260,7","99,1"
,4G,3900,"1268,5","105,3"
,4G,3800,1276,"112,4"
,4G,3700,"1283,3","120,7"
,4G,3600,"1290,2","130,2"
,5G,0,0,0
,5G,100,"4,3","0,1"
,5G,200,"8,5","0,2"
,5G,300,"12,8","0,2"
,5G,400,"17,1","0,3"
,5G,500,"21,5","0,4"
,5G,600,"25,9","0,5"
,5G,700,"30,4","0,6"
,5G,800,"34,9","0,7"
,5G,900,"39,5","0,8"
,5G,1000,"44,1","0,8"
,5G,1100,"48,7","0,9"
,5G,1200,"53,4",1
,5G,1300,"58,1","1,1"
,5G,1400,"62,9","1,2"
,5G,1500,"67,7","1,3"
,5G,1600,"72,6","1,4"
,5G,1700,"77,5","1,5"
,5G,1800,"82,4","1,6"
,5G,1900,"87,4","1,6"
,5G,2000,"92,5","1,7"
,5G,2100,"97,5","1,8"
,5G,2200,"102,7","1,9"
,5G,2300,"107,8",2
,5G,2400,113,"2,1"
,5G,2500,"118,3","2,2"
,5G,2600,"123,6","2,4"
,5G,2700,"128,9","2,5"
,5G,2800,"134,3","2,6"
,5G,2900,"139,7","2,7"
,5G,3000,"145,2","2,8"
,5G,3100,"150,7","2,9"
,5G,3200,"156,3",3
,5G,3300,"161,9","3,1"
,5G,3400,"167,5","3,2"
,5G,3500,"173,2","3,4"
,5G,3600,179,"3,5"
,5G,3700,"184,8","3,6"
,5G,3800,"190,7","3,7"
,5G,3900,"196,6","3,9"
,5G,4000,"202,6",4
,5G,4100,"208,6","4,1"
,5G,4200,"214,7","4,3"
,5G,4300,"220,9","4,4"
,5G,4400,"227,1","4,5"
,5G,4500,"233,4","4,7"
,5G,4600,"239,7","4,8"
,5G,4700,"246,1",5
,5G,4800,"252,6","5,1"
,5G,4900,"259,2","5,3"
,5G,5000,"265,8","5,4"
,5G,5100,"272,5","5,6"
,5G,5200,"279,3","5,7"
,5G,5300,"286,2","5,9"
,5G,5400,"293,1","6,1"
,5G,5500,"300,2","6,2"
,5G,5600,"307,4","6,4"
,5G,5700,"314,6","6,6"
,5G,5800,322,"6,8"
,5G,5900,"329,4",7
,5G,6000,337,"7,1"
,5G,6100,"344,7","7,3"
,5G,6200,"352,5","7,5"
,5G,6300,"360,5","7,8"
,5G,6400,"368,6",8
,5G,6500,"376,8","8,2"
,5G,6600,"385,2","8,4"
,5G,6700,"393,8","8,6"
,5G,6800,"402,6","8,9"
,5G,6900,"411,5","9,1"
,5G,7000,"420,7","9,4"
,5G,7100,"430,1","9,6"
,5G,7200,"439,7","9,9"
,5G,7300,"449,6","10,2"
,5G,7400,"459,8","10,5"
,5G,7500,"470,3","10,8"
,5G,7600,"481,2","11,1"
,5G,7700,"492,4","11,5"
,5G,7800,"504,1","11,9"
,5G,7900,"516,3","12,2"
,5G,8000,"529,1","12,7"
,5G,8100,"542,5","13,1"
,5G,8200,"556,7","13,6"
,5G,8300,"571,8","14,1"
,5G,8400,"588,1","14,7"
,5G,8500,"605,9","15,4"
,5G,8600,"625,7","16,1"
,5G,8700,"648,4",17
,5G,8800,"675,7","18,1"
,5G,8900,"713,2","19,8"
,5G,8900,"847,8","27,1"
,5G,8800,"885,1","29,6"
,5G,8700,"912,2","31,7"
,5G,8600,"934,5","33,4"
,5G,8500,"954,1","35,1"
,5G,8400,"971,6","36,7"
,5G,8300,"987,6","38,3"
,5G,8200,"1002,5","39,8"
,5G,8100,"1016,5","41,3"
,5G,8000,"1029,7","42,8"
,5G,7900,"1042,2","44,3"
,5G,7800,"1054,1","45,8"
,5G,7700,"1065,6","47,3"
,5G,7600,"1076,6","48,8"
,5G,7500,"1087,2","50,3"
,5G,7400,"1097,4","51,9"
,5G,7300,"1107,4","53,5"
,5G,7200,1117,"55,1"
,5G,7100,"1126,3","56,8"
,5G,7000,"1135,5","58,5"
,5G,6900,"1144,3","60,2"
,5G,6800,1153,62
,5G,6700,"1161,4","63,8"
,5G,6600,"1169,7","65,7"
,5G,6500,"1177,7","67,7"
,5G,6400,"1185,6","69,8"
,5G,6300,"1193,3","71,9"
,5G,6200,"1200,9","74,2"
,5G,6100,"1208,2","76,5"
,5G,6000,"1215,5",79
,5G,5900,"1222,6","81,7"
,5G,5800,"1229,5","84,5"
,5G,5700,"1236,3","87,4"
,5G,5600,"1242,9","90,6"
,5G,5500,"1249,4","94,1"
,5G,5400,"1255,7","97,8"
,5G,5300,"1261,9","101,9"
,5G,5200,1268,"106,3"
,5G,5100,"1273,8","111,2"
,5G,5000,"1279,6","116,7"
,5G,4900,"1285,1","122,7"
,5G,4800,"1290,5","129,4"
,5G,4700,"1295,7",137
,4W,0,0,0
,4W,100,5,"0,1"
,4W,200,"9,9","0,2"
,4W,300,"14,9","0,2"
,4W,400,"19,9","0,3"
,4W,500,"24,9","0,4"
,4W,600,30,"0,5"
,4W,700,"35,1","0,6"
,4W,800,"40,3","0,7"
,4W,900,"45,5","0,8"
,4W,1000,"50,7","0,9"
,4W,1100,56,1
,4W,1200,"61,3","1,1"
,4W,1300,"66,7","1,2"
,4W,1400,"72,1","1,3"
,4W,1500,"77,5","1,4"
,4W,1600,83,"1,5"
,4W,1700,"88,5","1,6"
,4W,1800,94,"1,7"
,4W,1900,"99,6","1,8"
,4W,2000,"105,3","1,9"
,4W,2100,111,2
,4W,2200,"116,7","2,1"
,4W,2300,"122,5","2,2"
,4W,2400,"128,3","2,3"
,4W,2500,"134,2","2,4"
,4W,2600,"140,1","2,5"
,4W,2700,146,"2,7"
,4W,2800,"152,1","2,8"
,4W,2900,"158,1","2,9"
,4W,3000,"164,2",3
,4W,3100,"170,4","3,2"
,4W,3200,"176,6","3,3"
,4W,3300,"182,9","3,4"
,4W,3400,"189,3","3,5"
,4W,3500,"195,7","3,7"
,4W,3600,"202,1","3,8"
,4W,3700,"208,7","3,9"
,4W,3800,"215,3","4,1"
,4W,3900,222,"4,2"
,4W,4000,"228,7","4,4"
,4W,4100,"235,5","4,5"
,4W,4200,"242,4","4,7"
,4W,4300,"249,4","4,8"
,4W,4400,"256,5",5
,4W,4500,"263,6","5,1"
,4W,4600,"270,8","5,3"
,4W,4700,"278,2","5,5"
,4W,4800,"285,6","5,6"
,4W,4900,"293,1","5,8"
,4W,5000,"300,8",6
,4W,5100,"308,5","6,2"
,4W,5200,"316,4","6,3"
,4W,5300,"324,4","6,5"
,4W,5400,"332,5","6,7"
,4W,5500,"340,8","6,9"
,4W,5600,"349,2","7,1"
,4W,5700,"357,8","7,3"
,4W,5800,"366,5","7,6"
,4W,5900,"375,4","7,8"
,4W,6000,"384,5",8
,4W,6100,"393,8","8,2"
,4W,6200,"403,4","8,5"
,4W,6300,"413,1","8,7"
,4W,6400,"423,1",9
,4W,6500,"433,4","9,3"
,4W,6600,444,"9,6"
,4W,6700,455,"9,9"
,4W,6800,"466,3","10,2"
,4W,6900,478,"10,5"
,4W,7000,"490,2","10,9"
,4W,7100,"502,8","11,3"
,4W,7200,"516,1","11,7"
,4W,7300,"530,1","12,1"
,4W,7400,"544,9","12,6"
,4W,7500,"560,6","13,1"
,4W,7600,"577,6","13,6"
,4W,7700,"596,2","14,3"
,4W,7800,"616,8",15
,4W,7900,"640,4","15,9"
,4W,8000,"669,1",17
,4W,8100,"708,8","18,7"
,4W,8100,"845,4","25,7"
,4W,8000,"884,9","28,2"
,4W,7900,"913,4","30,2"
,4W,7800,"936,9",32
,4W,7700,"957,4","33,7"
,4W,7600,"975,8","35,4"
,4W,7500,"992,7","36,9"
,4W,7400,"1008,3","38,5"
,4W,7300,1023,40
,4W,7200,"1036,8","41,6"
,4W,7100,1050,"43,1"
,4W,7000,"1062,5","44,7"
,4W,6900,"1074,5","46,3"
,4W,6800,"1086,1","47,8"
,4W,6700,"1097,3","49,5"
,4W,6600,"1108,1","51,1"
,4W,6500,"1118,5","52,8"
,4W,6400,"1128,6","54,5"
,4W,6300,"1138,5","56,3"
,4W,6200,"1148,1","58,1"
,4W,6100,"1157,4",60
,4W,6000,"1166,5",62
,4W,5900,"1175,4",64
,4W,5800,1184,"66,2"
,4W,5700,"1192,5","68,4"
,4W,5600,"1200,8","70,8"
,4W,5500,"1208,9","73,3"
,4W,5400,"1216,8","75,9"
,4W,5300,"1224,5","78,8"
,4W,5200,1232,"81,8"
,4W,5100,"1239,4","85,1"
,4W,5000,"1246,6","88,6"
,4W,4900,"1253,6","92,5"
,4W,4800,"1260,5","96,8"
,4W,4700,"1267,2","101,5"
,4W,4600,"1273,6","106,7"
,4W,4500,"1279,9","112,6"
,4W,4400,1286,"119,2"
,4W,4300,"1291,9","126,8"
,4W,4200,"1297,6","135,3"
,5W,0,0,0
,5W,100,"3,6","0,1"
,5W,200,"7,1","0,1"
,5W,300,"10,6","0,2"
,5W,400,"14,3","0,3"
,5W,500,"17,9","0,4"
,5W,600,"21,7","0,4"
,5W,700,"25,4","0,5"
,5W,800,"29,3","0,6"
,5W,900,"33,1","0,7"
,5W,1000,37,"0,8"
,5W,1100,41,"0,8"
,5W,1200,45,"0,9"
,5W,1300,"49,1",1
,5W,1400,"53,2","1,1"
,5W,1500,"57,4","1,2"
,5W,1600,"61,6","1,3"
,5W,1700,"65,8","1,4"
,5W,1800,"70,1","1,5"
,5W,1900,"74,5","1,5"
,5W,2000,"78,8","1,6"
,5W,2100,"83,3","1,7"
,5W,2200,"87,8","1,8"
,5W,2300,"92,3","1,9"
,5W,2400,"96,9",2
,5W,2500,"101,5","2,1"
,5W,2600,"106,2","2,2"
,5W,2700,"110,9","2,3"
,5W,2800,"115,6","2,4"
,5W,2900,"120,4","2,5"
,5W,3000,"125,3","2,6"
,5W,3100,"130,2","2,7"
,5W,3200,"135,1","2,8"
,5W,3300,"140,1","2,9"
,5W,3400,"145,1",3
,5W,3500,"150,2","3,1"
,5W,3600,"155,3","3,2"
,5W,3700,"160,5","3,3"
,5W,3800,"165,7","3,4"
,5W,3900,171,"3,5"
,5W,4000,"176,3","3,7"
,5W,4100,"181,6","3,8"
,5W,4200,187,"3,9"
,5W,4300,"192,5",4
,5W,4400,198,"4,1"
,5W,4500,"203,5","4,3"
,5W,4600,"209,2","4,4"
,5W,4700,"214,8","4,5"
,5W,4800,"220,5","4,6"
,5W,4900,"226,3","4,8"
,5W,5000,"232,1","4,9"
,5W,5100,238,5
,5W,5200,"243,9","5,2"
,5W,5300,"249,9","5,3"
,5W,5400,256,"5,5"
,5W,5500,"262,1","5,6"
,5W,5600,"268,3","5,8"
,5W,5700,"274,6","5,9"
,5W,5800,"280,9","6,1"
,5W,5900,"287,3","6,2"
,5W,6000,"293,7","6,4"
,5W,6100,"300,3","6,5"
,5W,6200,"306,9","6,7"
,5W,6300,"313,6","6,9"
,5W,6400,"320,4",7
,5W,6500,"327,3","7,2"
,5W,6600,"334,3","7,4"
,5W,6700,"341,4","7,6"
,5W,6800,"348,6","7,8"
,5W,6900,"355,9",8
,5W,7000,"363,3","8,2"
,5W,7100,"370,8","8,4"
,5W,7200,"378,4","8,6"
,5W,7300,"386,2","8,8"
,5W,7400,"394,1",9
,5W,7500,"402,2","9,3"
,5W,7600,"410,4","9,5"
,5W,7700,"418,8","9,7"
,5W,7800,"427,3",10
,5W,7900,"436,1","10,2"
,5W,8000,"445,1","10,5"
,5W,8100,"454,3","10,8"
,5W,8200,"463,7","11,1"
,5W,8300,"473,4","11,4"
,5W,8400,"483,4","11,7"
,5W,8500,"493,7",12
,5W,8600,"504,3","12,4"
,5W,8700,"515,3","12,7"
,5W,8800,"526,8","13,1"
,5W,8900,"538,8","13,5"
,5W,9000,"551,4","13,9"
,5W,9100,"564,6","14,4"
,5W,9200,"578,7","14,9"
,5W,9300,"593,9","15,5"
,5W,9400,"610,2","16,1"
,5W,9500,"628,3","16,8"
,5W,9600,"648,6","17,7"
,5W,9700,"672,5","18,7"
,5W,9800,"702,9",20
,5W,9900,"756,3","22,7"
,5W,9900,"812,9","25,8"
,5W,9800,"865,8","29,3"
,5W,9700,"895,8","31,4"
,5W,9600,"919,3","33,3"
,5W,9500,"939,2","34,9"
,5W,9400,"956,9","36,5"
,5W,9300,"972,8",38
,5W,9200,"987,5","39,5"
,5W,9100,"1001,3","40,9"
,5W,9000,"1014,1","42,3"
,5W,8900,"1026,4","43,7"
,5W,8800,1038,"45,1"
,5W,8700,"1049,1","46,5"
,5W,8600,"1059,7","47,9"
,5W,8500,1070,"49,4"
,5W,8400,"1079,9","50,8"
,5W,8300,"1089,4","52,2"
,5W,8200,"1098,7","53,7"
,5W,8100,"1107,7","55,2"
,5W,8000,"1116,4","56,7"
,5W,7900,"1124,9","58,3"
,5W,7800,"1133,2","59,9"
,5W,7700,"1141,3","61,5"
,5W,7600,"1149,2","63,2"
,5W,7500,"1156,9","64,9"
,5W,7400,"1164,5","66,6"
,5W,7300,"1171,9","68,4"
,5W,7200,"1179,1","70,3"
,5W,7100,"1186,2","72,2"
,5W,7000,"1193,2","74,2"
,5W,6900,1200,"76,3"
,5W,6800,"1206,7","78,5"
,5W,6700,"1213,2","80,8"
,5W,6600,"1219,6","83,2"
,5W,6500,"1225,9","85,7"
,5W,6400,"1232,1","88,4"
,5W,6300,"1238,1","91,2"
,5W,6200,"1244,1","94,2"
,5W,6100,"1249,9","97,5"
,5W,6000,"1255,5",101
,5W,5900,"1261,1","104,8"
,5W,5800,"1266,5","108,8"
,5W,5700,"1271,8","113,3"
,5W,5600,1277,"118,1"
,5W,5500,1282,"123,5"
,5W,5400,"1286,9","129,4"
,5W,5300,"1291,6","135,9"
,5W,5200,"1296,2","143,1"
,6W,0,0,0
,6W,100,"2,5","0,1"
,6W,200,5,"0,1"
,6W,300,"7,5","0,2"
,6W,400,10,"0,2"
,6W,500,"12,6","0,3"
,6W,600,"15,2","0,4"
,6W,700,"17,9","0,4"
,6W,800,"20,6","0,5"
,6W,900,"23,3","0,5"
,6W,1000,26,"0,6"
,6W,1100,"28,8","0,7"
,6W,1200,"31,6","0,7"
,6W,1300,"34,5","0,8"
,6W,1400,"37,4","0,9"
,6W,1500,"40,4","0,9"
,6W,1600,"43,4",1
,6W,1700,"46,4","1,1"
,6W,1800,"49,5","1,2"
,6W,1900,"52,6","1,2"
,6W,2000,"55,7","1,3"
,6W,2100,"58,9","1,4"
,6W,2200,"62,2","1,5"
,6W,2300,"65,5","1,5"
,6W,2400,"68,8","1,6"
,6W,2500,"72,2","1,7"
,6W,2600,"75,6","1,8"
,6W,2700,"79,1","1,9"
,6W,2800,"82,6","1,9"
,6W,2900,"86,2",2
,6W,3000,"89,8","2,1"
,6W,3100,"93,5","2,2"
,6W,3200,"97,2","2,3"
,6W,3300,101,"2,4"
,6W,3400,"104,8","2,5"
,6W,3500,"108,7","2,6"
,6W,3600,"112,6","2,7"
,6W,3700,"116,6","2,8"
,6W,3800,"120,6","2,9"
,6W,3900,"124,7",3
,6W,4000,"128,8","3,1"
,6W,4100,"132,9","3,2"
,6W,4200,"137,1","3,3"
,6W,4300,"141,4","3,4"
,6W,4400,"145,7","3,5"
,6W,4500,"150,1","3,6"
,6W,4600,"154,4","3,7"
,6W,4700,"158,9","3,8"
,6W,4800,"163,4","3,9"
,6W,4900,"167,9",4
,6W,5000,"172,5","4,1"
,6W,5100,"177,1","4,2"
,6W,5200,"181,8","4,3"
,6W,5300,"186,6","4,4"
,6W,5400,"191,3","4,6"
,6W,5500,"196,2","4,7"
,6W,5600,201,"4,8"
,6W,5700,206,"4,9"
,6W,5800,"210,9",5
,6W,5900,"215,9","5,2"
,6W,6000,221,"5,3"
,6W,6100,"226,1","5,4"
,6W,6200,"231,3","5,5"
,6W,6300,"236,5","5,7"
,6W,6400,"241,8","5,8"
,6W,6500,"247,1","5,9"
,6W,6600,"252,5","6,1"
,6W,6700,"257,9","6,2"
,6W,6800,"263,4","6,4"
,6W,6900,"268,9","6,5"
,6W,7000,"274,5","6,7"
,6W,7100,"280,1","6,8"
,6W,7200,"285,8",7
,6W,7300,"291,6","7,1"
,6W,7400,"297,4","7,3"
,6W,7500,"303,3","7,4"
,6W,7600,"309,3","7,6"
,6W,7700,"315,3","7,7"
,6W,7800,"321,4","7,9"
,6W,7900,"327,5","8,1"
,6W,8000,"333,7","8,3"
,6W,8100,340,"8,4"
,6W,8200,"346,4","8,6"
,6W,8300,"352,8","8,8"
,6W,8400,"359,4",9
,6W,8500,366,"9,2"
,6W,8600,"372,7","9,4"
,6W,8700,"379,5","9,6"
,6W,8800,"386,4","9,8"
,6W,8900,"393,4",10
,6W,9000,"400,5","10,2"
,6W,9100,"407,8","10,4"
,6W,9200,"415,1","10,6"
,6W,9300,"422,6","10,9"
,6W,9400,"430,2","11,1"
,6W,9500,"437,9","11,4"
,6W,9600,"445,8","11,6"
,6W,9700,"453,9","11,9"
,6W,9800,"462,1","12,1"
,6W,9900,"470,5","12,4"
,6W,10000,"479,1","12,7"
,6W,10100,"487,9",13
,6W,10200,"496,9","13,3"
,6W,10300,"506,2","13,6"
,6W,10400,"515,7",14
,6W,10500,"525,6","14,3"
,6W,10600,"535,7","14,7"
,6W,10700,"546,3","15,1"
,6W,10800,"557,3","15,5"
,6W,10900,"568,8","15,9"
,6W,11000,"580,8","16,4"
,6W,11100,"593,5","16,9"
,6W,11200,607,"17,5"
,6W,11300,"621,4","18,1"
,6W,11400,"637,1","18,7"
,6W,11500,"654,6","19,5"
,6W,11600,"674,5","20,4"
,6W,11700,"698,6","21,5"
,6W,11800,"731,3","23,2"
,6W,11800,"850,7","30,4"
,6W,11700,"882,8","32,8"
,6W,11600,"906,1","34,6"
,6W,11500,"925,4","36,3"
,6W,11400,"942,2","37,8"
,6W,11300,"957,3","39,2"
,6W,11200,971,"40,6"
,6W,11100,"983,8","41,9"
,6W,11000,"995,8","43,2"
,6W,10900,"1007,1","44,5"
,6W,10800,"1017,8","45,8"
,6W,10700,1028,47
,6W,10600,"1037,8","48,3"
,6W,10500,"1047,2","49,6"
,6W,10400,"1056,3","50,8"
,6W,10300,1065,"52,1"
,6W,10200,"1073,5","53,4"
,6W,10100,"1081,7","54,7"
,6W,10000,"1089,7",56
,6W,9900,"1097,4","57,3"
,6W,9800,1105,"58,6"
,6W,9700,"1112,3","59,9"
,6W,9600,"1119,5","61,3"
,6W,9500,"1126,5","62,7"
,6W,9400,"1133,4","64,1"
,6W,9300,"1140,1","65,6"
,6W,9200,"1146,7","67,1"
,6W,9100,"1153,2","68,6"
,6W,9000,"1159,5","70,2"
,6W,8900,"1165,7","71,8"
,6W,8800,"1171,8","73,4"
,6W,8700,"1177,7","75,1"
,6W,8600,"1183,6","76,8"
,6W,8500,"1189,4","78,6"
,6W,8400,1195,"80,4"
,6W,8300,"1200,6","82,3"
,6W,8200,"1206,1","84,3"
,6W,8100,"1211,4","86,4"
,6W,8000,"1216,7","88,5"
,6W,7900,"1221,9","90,7"
,6W,7800,1227,"93,1"
,6W,7700,1232,"95,6"
,6W,7600,"1236,9","98,2"
,6W,7500,"1241,8","100,9"
,6W,7400,"1246,5","103,8"
,6W,7300,"1251,2","106,9"
,6W,7200,"1255,7","110,2"
,6W,7100,"1260,2","113,7"
,6W,7000,"1264,6","117,4"
,6W,6900,"1268,9","121,5"
,6W,6800,1273,"125,8"
,6W,6700,"1277,1","130,5"
,6W,6600,"1281,1","135,7"
,6W,6500,1285,"141,2"
,6W,6400,"1288,8","147,2"
,6W,6300,"1292,4","153,7"
,7W,0,0,0
,7W,100,"1,8",0
,7W,200,"3,5","0,1"
,7W,300,"5,2","0,1"
,7W,400,"6,9","0,2"
,7W,500,"8,7","0,2"
,7W,600,"10,5","0,3"
,7W,700,"12,3","0,3"
,7W,800,"14,2","0,4"
,7W,900,16,"0,4"
,7W,1000,"17,9","0,5"
,7W,1100,"19,8","0,5"
,7W,1200,"21,7","0,6"
,7W,1300,"23,7","0,6"
,7W,1400,"25,7","0,7"
,7W,1500,"27,7","0,7"
,7W,1600,"29,7","0,8"
,7W,1700,"31,8","0,8"
,7W,1800,"33,8","0,9"
,7W,1900,"35,9",1
,7W,2000,"38,1",1
,7W,2100,"40,2","1,1"
,7W,2200,"42,4","1,1"
,7W,2300,"44,6","1,2"
,7W,2400,"46,9","1,3"
,7W,2500,"49,1","1,3"
,7W,2600,"51,4","1,4"
,7W,2700,"53,7","1,5"
,7W,2800,"56,1","1,5"
,7W,2900,"58,5","1,6"
,7W,3000,"60,9","1,6"
,7W,3100,"63,4","1,7"
,7W,3200,"65,8","1,8"
,7W,3300,"68,4","1,9"
,7W,3400,"70,9","1,9"
,7W,3500,"73,5",2
,7W,3600,"76,1","2,1"
,7W,3700,"78,8","2,1"
,7W,3800,"81,5","2,2"
,7W,3900,"84,2","2,3"
,7W,4000,"86,9","2,4"
,7W,4100,"89,7","2,5"
,7W,4200,"92,6","2,5"
,7W,4300,"95,5","2,6"
,7W,4400,"98,4","2,7"
,7W,4500,"101,4","2,8"
,7W,4600,"104,4","2,9"
,7W,4700,"107,4",3
,7W,4800,"110,5",3
,7W,4900,"113,6","3,1"
,7W,5000,"116,8","3,2"
,7W,5100,120,"3,3"
,7W,5200,"123,3","3,4"
,7W,5300,"126,6","3,5"
,7W,5400,"129,9","3,6"
,7W,5500,"133,3","3,7"
,7W,5600,"136,7","3,8"
,7W,5700,"140,2","3,9"
,7W,5800,"143,8",4
,7W,5900,"147,3","4,1"
,7W,6000,"150,9","4,2"
,7W,6100,"154,6","4,3"
,7W,6200,"158,3","4,4"
,7W,6300,"162,1","4,5"
,7W,6400,"165,9","4,6"
,7W,6500,"169,7","4,7"
,7W,6600,"173,6","4,8"
,7W,6700,"177,5",5
,7W,6800,"181,5","5,1"
,7W,6900,"185,5","5,2"
,7W,7000,"189,6","5,3"
,7W,7100,"193,7","5,4"
,7W,7200,"197,9","5,5"
,7W,7300,"202,1","5,7"
,7W,7400,"206,3","5,8"
,7W,7500,"210,6","5,9"
,7W,7600,215,6
,7W,7700,"219,4","6,2"
,7W,7800,"223,8","6,3"
,7W,7900,"228,3","6,4"
,7W,8000,"232,8","6,5"
,7W,8100,"237,4","6,7"
,7W,8200,242,"6,8"
,7W,8300,"246,7",7
,7W,8400,"251,4","7,1"
,7W,8500,"256,2","7,2"
,7W,8600,261,"7,4"
,7W,8700,"265,9","7,5"
,7W,8800,"270,8","7,7"
,7W,8900,"275,8","7,8"
,7W,9000,"280,8",8
,7W,9100,"285,8","8,1"
,7W,9200,291,"8,3"
,7W,9300,"296,1","8,4"
,7W,9400,"301,4","8,6"
,7W,9500,"306,6","8,8"
,7W,9600,312,"8,9"
,7W,9700,"317,4","9,1"
,7W,9800,"322,8","9,3"
,7W,9900,"328,3","9,4"
,7W,10000,"333,9","9,6"
,7W,10100,"339,5","9,8"
,7W,10200,"345,2",10
,7W,10300,351,"10,1"
,7W,10400,"356,8","10,3"
,7W,10500,"362,7","10,5"
,7W,10600,"368,6","10,7"
,7W,10700,"374,7","10,9"
,7W,10800,"380,8","11,1"
,7W,10900,"386,9","11,3"
,7W,11000,"393,2","11,5"
,7W,11100,"399,5","11,7"
,7W,11200,"405,9","11,9"
,7W,11300,"412,5","12,2"
,7W,11400,419,"12,4"
,7W,11500,"425,7","12,6"
,7W,11600,"432,5","12,9"
,7W,11700,"439,4","13,1"
,7W,11800,"446,4","13,3"
,7W,11900,"453,5","13,6"
,7W,12000,"460,8","13,9"
,7W,12100,"468,1","14,1"
,7W,12200,"475,6","14,4"
,7W,12300,"483,3","14,7"
,7W,12400,"491,1",15
,7W,12500,"499,1","15,3"
,7W,12600,"507,2","15,6"
,7W,12700,"515,6","15,9"
,7W,12800,"524,2","16,2"
,7W,12900,533,"16,6"
,7W,13000,542,"16,9"
,7W,13100,"551,3","17,3"
,7W,13200,561,"17,7"
,7W,13300,571,"18,1"
,7W,13400,"581,3","18,6"
,7W,13500,"592,1","19,1"
,7W,13600,"603,5","19,6"
,7W,13700,"615,4","20,1"
,7W,13800,628,"20,7"
,7W,13900,"641,6","21,4"
,7W,14000,"656,2","22,1"
,7W,14100,"672,4","22,9"
,7W,14200,"690,7","23,8"
,7W,14300,"712,3",25
,7W,14400,"740,7","26,6"
,7W,14400,"857,9","34,4"
,7W,14300,"885,4","36,6"
,7W,14200,"905,9","38,4"
,7W,14100,"922,9","39,9"
,7W,14000,"937,8","41,4"
,7W,13900,"951,2","42,7"
,7W,13800,"963,5",44
,7W,13700,"974,9","45,3"
,7W,13600,"985,6","46,5"
,7W,13500,"995,6","47,7"
,7W,13400,"1005,2","48,9"
,7W,13300,"1014,3",50
,7W,13200,1023,"51,2"
,7W,13100,"1031,4","52,3"
,7W,13000,"1039,5","53,5"
,7W,12900,"1047,2","54,6"
,7W,12800,"1054,8","55,8"
,7W,12700,"1062,1","56,9"
,7W,12600,"1069,2","58,1"
,7W,12500,"1076,1","59,2"
,7W,12400,"1082,8","60,4"
,7W,12300,"1089,4","61,6"
,7W,12200,"1095,8","62,8"
,7W,12100,"1102,1",64
,7W,12000,"1108,2","65,2"
,7W,11900,"1114,2","66,4"
,7W,11800,"1120,1","67,6"
,7W,11700,"1125,8","68,9"
,7W,11600,"1131,5","70,2"
,7W,11500,1137,"71,5"
,7W,11400,"1142,4","72,8"
,7W,11300,"1147,7","74,2"
,7W,11200,1153,"75,5"
,7W,11100,"1158,1",77
,7W,11000,"1163,2","78,4"
,7W,10900,"1168,2","79,9"
,7W,10800,"1173,1","81,4"
,7W,10700,"1177,9","82,9"
,7W,10600,"1182,6","84,5"
,7W,10500,"1187,3","86,2"
,7W,10400,"1191,9","87,9"
,7W,10300,"1196,4","89,6"
,7W,10200,"1200,9","91,4"
,7W,10100,"1205,3","93,3"
,7W,10000,"1209,6","95,2"
,7W,9900,"1213,8","97,2"
,7W,9800,1218,"99,2"
,7W,9700,"1222,1","101,4"
,7W,9600,"1226,2","103,6"
,7W,9500,"1230,2","105,9"
,7W,9400,"1234,1","108,3"
,7W,9300,1238,"110,9"
,7W,9200,"1241,8","113,5"
,7W,9100,"1245,5","116,3"
,7W,9000,"1249,2","119,3"
,7W,8900,"1252,8","122,4"
,7W,8800,"1256,4","125,7"
,7W,8700,"1259,9","129,1"
,7W,8600,"1263,3","132,8"
,7W,8500,"1266,6","136,8"
,7W,8400,"1269,9",141
,7W,8300,"1273,1","145,4"
,7W,8200,"1276,2","150,2"
,7W,8100,"1279,3","155,3"
,7W,8000,"1282,3","160,7"
,7R,0,0,0
,7R,100,"1,2",0
,7R,200,"2,4","0,1"
,7R,300,"3,5","0,1"
,7R,400,"4,7","0,1"
,7R,500,"5,9","0,2"
,7R,600,"7,1","0,2"
,7R,700,"8,3","0,2"
,7R,800,"9,6","0,3"
,7R,900,"10,8","0,3"
,7R,1000,"12,1","0,3"
,7R,1100,"13,4","0,4"
,7R,1200,"14,7","0,4"
,7R,1300,16,"0,5"
,7R,1400,"17,3","0,5"
,7R,1500,"18,6","0,5"
,7R,1600,"19,9","0,6"
,7R,1700,"21,3","0,6"
,7R,1800,"22,7","0,7"
,7R,1900,"24,1","0,7"
,7R,2000,"25,5","0,7"
,7R,2100,"26,9","0,8"
,7R,2200,"28,3","0,8"
,7R,2300,"29,8","0,9"
,7R,2400,"31,2","0,9"
,7R,2500,"32,7",1
,7R,2600,"34,2",1
,7R,2700,"35,7",1
,7R,2800,"37,2","1,1"
,7R,2900,"38,8","1,1"
,7R,3000,"40,3","1,2"
,7R,3100,"41,9","1,2"
,7R,3200,"43,5","1,3"
,7R,3300,"45,1","1,3"
,7R,3400,"46,8","1,4"
,7R,3500,"48,4","1,4"
,7R,3600,"50,1","1,5"
,7R,3700,"51,8","1,5"
,7R,3800,"53,5","1,6"
,7R,3900,"55,2","1,6"
,7R,4000,57,"1,7"
,7R,4100,"58,8","1,8"
,7R,4200,"60,6","1,8"
,7R,4300,"62,4","1,9"
,7R,4400,"64,2","1,9"
,7R,4500,"66,1",2
,7R,4600,68,2
,7R,4700,"69,9","2,1"
,7R,4800,"71,8","2,2"
,7R,4900,"73,7","2,2"
,7R,5000,"75,7","2,3"
,7R,5100,"77,7","2,3"
,7R,5200,"79,7","2,4"
,7R,5300,"81,8","2,5"
,7R,5400,"83,9","2,5"
,7R,5500,"85,9","2,6"
,7R,5600,"88,1","2,7"
,7R,5700,"90,2","2,7"
,7R,5800,"92,4","2,8"
,7R,5900,"94,6","2,9"
,7R,6000,"96,8",3
,7R,6100,"99,1",3
,7R,6200,"101,4","3,1"
,7R,6300,"103,7","3,2"
,7R,6400,"106,1","3,3"
,7R,6500,"108,4","3,3"
,7R,6600,"110,8","3,4"
,7R,6700,"113,3","3,5"
,7R,6800,"115,8","3,6"
,7R,6900,"118,3","3,6"
,7R,7000,"120,8","3,7"
,7R,7100,"123,4","3,8"
,7R,7200,126,"3,9"
,7R,7300,"128,6",4
,7R,7400,"131,3","4,1"
,7R,7500,134,"4,2"
,7R,7600,"136,7","4,3"
,7R,7700,"139,5","4,3"
,7R,7800,"142,3","4,4"
,7R,7900,"145,2","4,5"
,7R,8000,"148,1","4,6"
,7R,8100,151,"4,7"
,7R,8200,154,"4,8"
,7R,8300,157,"4,9"
,7R,8400,"160,1",5
,7R,8500,"163,1","5,1"
,7R,8600,"166,3","5,2"
,7R,8700,"169,4","5,3"
,7R,8800,"172,6","5,4"
,7R,8900,"175,9","5,5"
,7R,9000,"179,2","5,7"
,7R,9100,"182,5","5,8"
,7R,9200,"185,9","5,9"
,7R,9300,"189,3",6
,7R,9400,"192,7","6,1"
,7R,9500,"196,2","6,2"
,7R,9600,"199,7","6,3"
,7R,9700,"203,3","6,5"
,7R,9800,"206,9","6,6"
,7R,9900,"210,6","6,7"
,7R,10000,"214,3","6,8"
,7R,10100,218,7
,7R,10200,"221,8","7,1"
,7R,10300,"225,6","7,2"
,7R,10400,"229,5","7,3"
,7R,10500,"233,4","7,5"
,7R,10600,"237,3","7,6"
,7R,10700,"241,3","7,7"
,7R,10800,"245,4","7,9"
,7R,10900,"249,4",8
,7R,11000,"253,6","8,1"
,7R,11100,"257,7","8,3"
,7R,11200,"261,9","8,4"
,7R,11300,"266,2","8,6"
,7R,11400,"270,5","8,7"
,7R,11500,"274,8","8,9"
,7R,11600,"279,2",9
,7R,11700,"283,7","9,2"
,7R,11800,"288,2","9,3"
,7R,11900,"292,7","9,5"
,7R,12000,"297,3","9,6"
,7R,12100,"301,9","9,8"
,7R,12200,"306,6","9,9"
,7R,12300,"311,3","10,1"
,7R,12400,"316,1","10,3"
,7R,12500,"320,9","10,4"
,7R,12600,"325,8","10,6"
,7R,12700,"330,7","10,8"
,7R,12800,"335,7",11
,7R,12900,"340,7","11,1"
,7R,13000,"345,8","11,3"
,7R,13100,351,"11,5"
,7R,13200,"356,2","11,7"
,7R,13300,"361,5","11,9"
,7R,13400,"366,8","12,1"
,7R,13500,"372,2","12,3"
,7R,13600,"377,6","12,5"
,7R,13700,"383,1","12,7"
,7R,13800,"388,7","12,9"
,7R,13900,"394,4","13,1"
,7R,14000,"400,1","13,3"
,7R,14100,"405,9","13,5"
,7R,14200,"411,7","13,7"
,7R,14300,"417,6","13,9"
,7R,14400,"423,7","14,2"
,7R,14500,"429,7","14,4"
,7R,14600,"435,9","14,6"
,7R,14700,"442,2","14,9"
,7R,14800,"448,5","15,1"
,7R,14900,455,"15,4"
,7R,15000,"461,5","15,6"
,7R,15100,"468,2","15,9"
,7R,15200,"474,9","16,2"
,7R,15300,"481,8","16,4"
,7R,15400,"488,7","16,7"
,7R,15500,"495,8",17
,7R,15600,503,"17,3"
,7R,15700,"510,4","17,6"
,7R,15800,"517,9","17,9"
,7R,15900,"525,6","18,2"
,7R,16000,"533,4","18,6"
,7R,16100,"541,4","18,9"
,7R,16200,"549,6","19,2"
,7R,16300,"557,9","19,6"
,7R,16400,"566,6",20
,7R,16500,"575,4","20,4"
,7R,16600,"584,6","20,8"
,7R,16700,"594,1","21,2"
,7R,16800,"603,9","21,7"
,7R,16900,"614,2","22,2"
,7R,17000,"624,9","22,7"
,7R,17100,"636,1","23,3"
,7R,17200,648,"23,9"
,7R,17300,"660,6","24,5"
,7R,17400,"674,3","25,2"
,7R,17500,"689,4","26,1"
,7R,17600,"706,5",27
,7R,17700,"726,7","28,2"
,7R,17800,"752,8","29,8"
,7R,17800,"870,6","38,5"
,7R,17700,"894,6","40,6"
,7R,17600,"912,4","42,2"
,7R,17500,"927,3","43,7"
,7R,17400,"940,3",45
,7R,17300,"952,1","46,3"
,7R,17200,"962,9","47,5"
,7R,17100,"972,9","48,6"
,7R,17000,"982,2","49,7"
,7R,16900,"991,1","50,8"
,7R,16800,"999,5","51,9"
,7R,16700,"1007,5","52,9"
,7R,16600,"1015,1",54
,7R,16500,"1022,5",55
,7R,16400,"1029,6",56
,7R,16300,"1036,4",57
,7R,16200,1043,"58,1"
,7R,16100,"1049,5","59,1"
,7R,16000,"1055,7","60,1"
,7R,15900,"1061,8","61,1"
,7R,15800,"1067,7","62,1"
,7R,15700,"1073,4","63,1"
,7R,15600,1079,"64,1"
,7R,15500,"1084,5","65,2"
,7R,15400,"1089,9","66,2"
,7R,15300,"1095,1","67,2"
,7R,15200,"1100,3","68,3"
,7R,15100,"1105,3","69,3"
,7R,15000,"1110,3","70,4"
,7R,14900,"1115,1","71,5"
,7R,14800,"1119,9","72,6"
,7R,14700,"1124,6","73,7"
,7R,14600,"1129,2","74,8"
,7R,14500,"1133,7",76
,7R,14400,"1138,1","77,1"
,7R,14300,"1142,5","78,3"
,7R,14200,"1146,8","79,5"
,7R,14100,1151,"80,7"
,7R,14000,"1155,2","81,9"
,7R,13900,"1159,3","83,2"
,7R,13800,"1163,3","84,5"
,7R,13700,"1167,3","85,8"
,7R,13600,"1171,2","87,1"
,7R,13500,"1175,1","88,5"
,7R,13400,"1178,9","89,9"
,7R,13300,"1182,6","91,3"
,7R,13200,"1186,3","92,8"
,7R,13100,1190,"94,3"
,7R,13000,"1193,6","95,9"
,7R,12900,"1197,1","97,5"
,7R,12800,"1200,6","99,2"
,7R,12700,"1204,1","100,9"
,7R,12600,"1207,5","102,6"
,7R,12500,"1210,8","104,5"
,7R,12400,"1214,1","106,4"
,7R,12300,"1217,4","108,3"
,7R,12200,"1220,6","110,3"
,7R,12100,"1223,7","112,4"
,7R,12000,"1226,8","114,6"
,7R,11900,"1229,9","116,9"
,7R,11800,"1232,9","119,3"
,7R,11700,"1235,9","121,8"
,7R,11600,"1238,8","124,3"
,7R,11500,"1241,7",127
,7R,11400,"1244,5","129,9"
,7R,11300,"1247,3","132,8"
,7R,11200,"1250,1","135,9"
,7R,11100,"1252,8","139,2"
,7R,11000,"1255,4","142,6"
,7R,10900,1258,"146,2"
,7R,10800,"1260,6","149,9"
,7R,10700,"1263,1","153,8"
,7R,10600,"1265,5",158
,7R,10500,"1267,9","162,3"