velocity_ms,range_m,elevation_deg,drift_deg
247,100.0,0.46982539599999995,0.011459156
247,200.0,0.9396507919999999,0.017188733999999997
247,300.0,1.409476188,0.02864789
247,400.0,1.8850311619999998,0.034377467999999994
247,500.0,2.3663157139999997,0.045836624
247,600.0,2.847600266,0.05729578
247,700.0,3.334614396,0.063025358
247,800.0,3.821628526,0.074484514
247,900.0,4.3143722339999995,0.08594367
247,1000.0,4.81284552,0.091673248
247,1100.0,5.317048384,0.103132404
247,1200.0,5.821251247999999,0.11459156
247,1300.0,6.33118369,0.126050716
247,1400.0,6.846845709999999,0.131780294
247,1500.0,7.368237307999999,0.14323945
247,1600.0,7.895358484,0.15469860600000002
247,1700.0,8.42247966,0.166157762
247,1800.0,8.961059992,0.17761691799999998
247,1900.0,9.505369902,0.18907607399999998
247,2000.0,10.05540939,0.20053522999999998
247,2100.0,10.611178456,0.211994386
247,2200.0,11.178406678,0.22345354199999998
247,2300.0,11.745634899999999,0.23491269799999998
247,2400.0,12.330051855999999,0.24637185399999997
247,2500.0,12.914468811999999,0.25783100999999997
247,2600.0,13.510344924,0.27501974399999995
247,2700.0,14.117680192,0.2864789
247,2800.0,14.736474615999999,0.297938056
247,2900.0,15.360998618,0.31512679
247,2900.0,73.28703219799999,7.259375326
247,3000.0,16.002711354,0.326585946
247,3000.0,72.759911022,6.583285122
247,3100.0,16.655883246,0.34377468
247,3100.0,72.19841237799999,6.021786477999999
247,3200.0,17.320514294,0.360963414
247,3200.0,71.619725,5.551961082
247,3300.0,17.996604498,0.37242257
247,3300.0,71.00666015399999,5.150890622
247,3400.0,18.689883436,0.389611304
247,3400.0,70.370676996,4.81284552
247,3500.0,19.400351108,0.406800038
247,3500.0,69.711775526,4.509177886
247,3600.0,20.133737091999997,0.423988772
247,3600.0,69.02995574399999,4.245617297999999
247,3700.0,20.878582232,0.441177506
247,3700.0,68.319488072,4.0107045999999995
247,3800.0,21.652075261999997,0.46409581799999994
247,3800.0,67.58037251,3.792980636
247,3900.0,22.448486604,0.481284552
247,3900.0,66.81260905799999,3.5981749839999995
247,4000.0,23.267816258,0.504202864
247,4000.0,66.016197716,3.414828488
247,4100.0,24.12152338,0.527121176
247,4100.0,65.185408906,3.248670726
247,4200.0,25.003878391999997,0.5500394879999999
247,4200.0,64.32024262799999,3.0882425419999997
247,4300.0,25.932070028000002,0.5729578
247,4300.0,63.409239726,2.933543936
247,4400.0,26.90036871,0.60160569
247,4400.0,62.45812977799999,2.790304486
247,4500.0,27.920233594,0.63025358
247,4500.0,61.44972405,2.647065036
247,4600.0,29.003123835999997,0.664631048
247,4600.0,60.378292963999996,2.5095551639999996
247,4700.0,30.16622817,0.6990085159999999
247,4700.0,59.226647786,2.3720452919999997
247,4800.0,31.421005751999996,0.739115562
247,4800.0,57.977599782,2.240264998
247,4900.0,32.807563628,0.7849521859999999
247,4900.0,56.602501061999995,2.102755126
247,5000.0,34.371738422,0.8365183879999999
247,5000.0,55.04978542399999,1.9652452539999998
247,5100.0,36.21093296,0.905273324
247,5100.0,53.21632046399999,1.8162762259999998
247,5200.0,38.565789518,0.9969465719999999
247,5200.0,50.867193484,1.644388886
247,5300.0,42.862973018,1.1860226459999998
247,5300.0,46.575739561999995,1.37509872
286,100.0,0.35523383599999997,0.005729578
286,200.0,0.704738094,0.011459156
286,300.0,1.054242352,0.017188733999999997
286,400.0,1.409476188,0.02864789
286,500.0,1.770439602,0.034377467999999994
286,600.0,2.131403016,0.04010704599999999
286,700.0,2.4923664299999997,0.045836624
286,800.0,2.8533298439999997,0.051566202
286,900.0,3.220022836,0.05729578
286,1000.0,3.592445406,0.06875493599999999
286,1100.0,3.964867976,0.074484514
286,1200.0,4.337290546,0.08021409199999999
286,1300.0,4.715442694,0.08594367
286,1400.0,5.093594842,0.097402826
286,1500.0,5.477476567999999,0.103132404
286,1600.0,5.867087872,0.108861982
286,1700.0,6.250969597999999,0.120321138
286,1800.0,6.6463104799999995,0.126050716
286,1900.0,7.041651362,0.131780294
286,2000.0,7.442721822,0.14323945
286,2100.0,7.843792282,0.148969028
286,2200.0,8.250592319999999,0.16042818399999997
286,2300.0,8.657392358,0.166157762
286,2400.0,9.069921974,0.17761691799999998
286,2500.0,9.488181167999999,0.183346496
286,2600.0,9.91216994,0.194805652
286,2700.0,10.336158712,0.20053522999999998
286,2800.0,10.765877062,0.211994386
286,2900.0,11.20132499,0.217723964
286,3000.0,11.642502495999999,0.22918312
286,3100.0,12.08940958,0.23491269799999998
286,3200.0,12.536316664000001,0.24637185399999997
286,3300.0,12.994682904,0.25783100999999997
286,3400.0,13.453049144,0.269290166
286,3500.0,13.922874539999999,0.27501974399999995
286,3600.0,14.398429514,0.2864789
286,3600.0,73.923015356,7.459910555999999
286,3700.0,14.879714065999998,0.297938056
286,3700.0,73.527674474,6.915600646
286,3800.0,15.366728195999999,0.30939721200000003
286,3800.0,73.10941528,6.440045672
286,3900.0,15.859471904,0.32085636799999995
286,3900.0,72.67969692999999,6.033245633999999
286,4000.0,16.363674768,0.332315524
286,4000.0,72.232789846,5.678011797999999
286,4100.0,16.87360721,0.34377468
286,4100.0,71.768694028,5.362885007999999
286,4200.0,17.394998808,0.35523383599999997
286,4200.0,71.293139054,5.082135686
286,4300.0,17.927849562,0.366692992
286,4300.0,70.800395346,4.8357638320000005
286,4400.0,18.466429894,0.37815214799999997
286,4400.0,70.290462904,4.606580712
286,4500.0,19.016469381999997,0.389611304
286,4500.0,69.769071306,4.400315903999999
286,4600.0,19.572238448,0.406800038
286,4600.0,69.236220552,4.21123983
286,4700.0,20.145196248,0.41825919399999995
286,4700.0,68.686181064,4.03935249
286,4800.0,20.729613204,0.435447928
286,4800.0,68.118952842,3.8731947279999996
286,4900.0,21.331218894,0.44690708399999995
286,4900.0,67.534535886,3.7242257
286,5000.0,21.94428374,0.46409581799999994
286,5000.0,66.938659774,3.5752566719999996
286,5100.0,22.574537319999997,0.481284552
286,5100.0,66.31986535,3.4434763779999997
286,5200.0,23.221979634,0.49847328599999996
286,5200.0,65.683882192,3.311696084
286,5300.0,23.886610681999997,0.5156620199999999
286,5300.0,65.0307103,3.185645368
286,5400.0,24.574160042,0.532850754
286,5400.0,64.354620096,3.06532423
286,5500.0,25.284627714,0.5500394879999999
286,5500.0,63.649882002000005,2.95073267
286,5600.0,26.018013698,0.5729578
286,5600.0,62.922225596,2.83614111
286,5700.0,26.785777149999998,0.5901465340000001
286,5700.0,62.1659213,2.727279128
286,5800.0,27.582188491999997,0.6130648459999999
286,5800.0,61.375239536,2.6241467239999996
286,5900.0,28.41870688,0.6417127359999999
286,5900.0,60.544450726,2.515284742
286,6000.0,29.295332314,0.664631048
286,6000.0,59.667825292,2.412152338
286,6100.0,30.229253528,0.693278938
286,6100.0,58.739633656,2.3090199339999997
286,6200.0,31.2262001,0.721926828
286,6200.0,57.748416662,2.20588753
286,6300.0,32.297631186000004,0.762033874
286,6300.0,56.68271515399999,2.097025548
286,6400.0,33.472194676,0.796411342
286,6400.0,55.513881242,1.988163566
286,6500.0,34.784268038,0.842247966
286,6500.0,54.20180788,1.8793015839999998
286,6600.0,36.302606208,0.8995437459999999
286,6600.0,52.689199288,1.7589804459999998
286,6700.0,38.170448636,0.9682986819999999
286,6700.0,50.827086438,1.627200152
286,6800.0,40.886268608,1.082890242
286,6800.0,48.111266466000004,1.4553128119999998
320,100.0,0.2864789,0.005729578
320,200.0,0.567228222,0.011459156
320,300.0,0.853707122,0.011459156
320,400.0,1.140186022,0.017188733999999997
320,500.0,1.4266649219999998,0.022918312
320,600.0,1.7188733999999999,0.02864789
320,700.0,2.011081878,0.034377467999999994
320,800.0,2.3090199339999997,0.04010704599999999
320,900.0,2.6069579899999997,0.045836624
320,1000.0,2.904896046,0.051566202
320,1100.0,3.2085636799999997,0.05729578
320,1200.0,3.5122313139999997,0.063025358
320,1300.0,3.821628526,0.06875493599999999
320,1400.0,4.131025737999999,0.074484514
320,1500.0,4.440422949999999,0.08021409199999999
320,1600.0,4.75554974,0.08594367
320,1700.0,5.07067653,0.091673248
320,1800.0,5.38580332,0.097402826
320,1900.0,5.706659687999999,0.103132404
320,2000.0,6.033245633999999,0.108861982
320,2100.0,6.35983158,0.11459156
320,2200.0,6.686417526,0.120321138
320,2300.0,7.01873305,0.126050716
320,2400.0,7.351048574,0.131780294
320,2500.0,7.689093675999999,0.13750987199999998
320,2600.0,8.027138778,0.14323945
320,2700.0,8.36518388,0.15469860600000002
320,2800.0,8.714688138,0.16042818399999997
320,2900.0,9.058462817999999,0.166157762
320,3000.0,9.407967075999998,0.17188734
320,3100.0,9.763200912,0.183346496
320,3200.0,10.118434747999999,0.18907607399999998
320,3300.0,10.479398162,0.194805652
320,3400.0,10.846091154,0.20053522999999998
320,3500.0,11.212784145999999,0.211994386
320,3600.0,11.579477138,0.217723964
320,3700.0,11.957629286,0.22345354199999998
320,3800.0,12.335781434,0.23491269799999998
320,3900.0,12.71966316,0.240642276
320,4000.0,13.103544885999998,0.252101432
320,4100.0,13.493156189999999,0.25783100999999997
320,4200.0,13.888497072,0.269290166
320,4200.0,74.347004128,7.752119034000001
320,4300.0,14.289567532,0.27501974399999995
320,4300.0,74.020418182,7.265104903999999
320,4400.0,14.69636757,0.2864789
320,4400.0,73.68237307999999,6.829656976
320,4500.0,15.103167608000001,0.292208478
320,4500.0,73.33286882200001,6.451504827999999
320,4600.0,15.515697224,0.30366763399999996
320,4600.0,72.971905408,6.113459726
320,4700.0,15.939685995999998,0.31512679
320,4700.0,72.605212416,5.81552167
320,4800.0,16.363674768,0.32085636799999995
320,4800.0,72.22133069,5.546231504
320,4900.0,16.793393118,0.332315524
320,4900.0,71.82598980799999,5.29985965
320,5000.0,17.234570624,0.34377468
320,5000.0,71.42491934799999,5.076406108
320,5100.0,17.67574813,0.35523383599999997
320,5100.0,71.012389732,4.875870878
320,5200.0,18.128384792,0.360963414
320,5200.0,70.58840096,4.686794804
320,5300.0,18.586751032,0.37242257
320,5300.0,70.15868261,4.514907463999999
320,5400.0,19.05084685,0.383881726
320,5400.0,69.717505104,4.348749702
320,5500.0,19.526401824,0.395340882
320,5500.0,69.26486844200001,4.199780673999999
320,5600.0,20.007686376,0.406800038
320,5600.0,68.80077262399999,4.056541224
320,5700.0,20.500430084,0.41825919399999995
320,5700.0,68.32521765,3.919031352
320,5800.0,20.99890337,0.435447928
320,5800.0,67.83820352,3.792980636
320,5900.0,21.508835811999997,0.44690708399999995
320,5900.0,67.345459812,3.66692992
320,6000.0,22.03022741,0.45836624
320,6000.0,66.83552737,3.55233836
320,6100.0,22.563078164,0.46982539599999995
320,6100.0,66.314135772,3.4377467999999998
320,6200.0,23.113117651999996,0.48701413
320,6200.0,65.78128501799999,3.328884818
320,6300.0,23.668886718,0.49847328599999996
320,6300.0,65.23124553,3.2257524139999996
320,6400.0,24.241844518,0.5156620199999999
320,6400.0,64.664017308,3.12262001
320,6500.0,24.831991052,0.532850754
320,6500.0,64.08532993,3.0252171839999997
320,6600.0,25.43932632,0.5500394879999999
320,6600.0,63.489453817999994,2.927814358
320,6700.0,26.069579899999997,0.567228222
320,6700.0,62.87065939399999,2.83614111
320,6800.0,26.717022214,0.584416956
320,6800.0,62.22894665799999,2.7387382839999996
320,6900.0,27.387382839999997,0.60160569
320,6900.0,61.564315609999994,2.652794614
320,7000.0,28.086391355999996,0.624524002
320,7000.0,60.876766249999996,2.561121366
320,7100.0,28.808318184,0.647442314
320,7100.0,60.160568999999995,2.469448118
320,7200.0,29.570352058,0.6703606259999999
320,7200.0,59.40426470399999,2.383504448
320,7300.0,30.372492978,0.693278938
320,7300.0,58.61358294,2.2918312
320,7400.0,31.220470521999996,0.721926828
320,7400.0,57.771334974,2.20588753
320,7500.0,32.120014268,0.750574718
320,7500.0,56.877520806,2.114214282
320,7600.0,33.094042528,0.779222608
320,7600.0,55.909222123999996,2.028270612
320,7700.0,34.159744036,0.819329654
320,7700.0,54.85497977199999,1.930867786
320,7800.0,35.340037104,0.8594366999999999
320,7800.0,53.680416281999996,1.83346496
320,7900.0,36.692217512,0.911002902
320,7900.0,52.333965451999994,1.7303325559999998
320,8000.0,38.336606398,0.97402826
320,8000.0,50.70103572199999,1.615740996
320,8100.0,40.611248864,1.0714310859999998
320,8100.0,48.437852412,1.472501546
346,100.0,0.24637185399999997,0.005729578
346,200.0,0.48701413,0.011459156
346,300.0,0.733385984,0.011459156
346,400.0,0.979757838,0.017188733999999997
346,500.0,1.23185927,0.022918312
346,600.0,1.4839607019999999,0.02864789
346,700.0,1.741791712,0.034377467999999994
346,800.0,1.9996227219999998,0.04010704599999999
346,900.0,2.26318331,0.045836624
346,1000.0,2.526743898,0.045836624
346,1100.0,2.790304486,0.051566202
346,1200.0,3.059594652,0.05729578
346,1300.0,3.328884818,0.063025358
346,1400.0,3.603904562,0.06875493599999999
346,1500.0,3.878924306,0.074484514
346,1600.0,4.159673627999999,0.08021409199999999
346,1700.0,4.440422949999999,0.08594367
346,1800.0,4.7211722720000004,0.091673248
346,1900.0,5.007651172,0.091673248
346,2000.0,5.29985965,0.097402826
346,2100.0,5.58633855,0.103132404
346,2200.0,5.884276606,0.108861982
346,2300.0,6.176485083999999,0.11459156
346,2400.0,6.47442314,0.120321138
346,2500.0,6.778090774,0.126050716
346,2600.0,7.081758408,0.13750987199999998
346,2700.0,7.385426042,0.14323945
346,2800.0,7.694823254,0.148969028
346,2900.0,8.004220466,0.15469860600000002
346,3000.0,8.319347255999999,0.16042818399999997
346,3100.0,8.634474046,0.166157762
346,3200.0,8.955330414,0.17188734
346,3300.0,9.276186782,0.17761691799999998
346,3400.0,9.59704315,0.183346496
346,3500.0,9.923629095999999,0.194805652
346,3600.0,10.25594462,0.20053522999999998
346,3700.0,10.588260144,0.206264808
346,3800.0,10.926305245999998,0.211994386
346,3900.0,11.264350347999999,0.22345354199999998
346,4000.0,11.608125028,0.22918312
346,4100.0,11.951899708,0.23491269799999998
346,4200.0,12.301403965999999,0.24637185399999997
346,4300.0,12.656637802,0.252101432
346,4400.0,13.011871637999999,0.25783100999999997
346,4500.0,13.372835052,0.269290166
346,4600.0,13.733798465999998,0.27501974399999995
346,4700.0,14.100491457999999,0.2864789
346,4700.0,74.238142146,7.849521859999999
346,4800.0,14.472914028,0.292208478
346,4800.0,73.94020409,7.414073932
346,4900.0,14.851066175999998,0.30366763399999996
346,4900.0,73.63080687799999,7.030192206
346,5000.0,15.229218324,0.30939721200000003
346,5000.0,73.315680088,6.686417526
346,5100.0,15.61310005,0.32085636799999995
346,5100.0,72.983364564,6.371290736
346,5200.0,16.002711354,0.326585946
346,5200.0,72.65104904,6.090541414
346,5300.0,16.398052235999998,0.338045102
346,5300.0,72.30154478200001,5.838439982
346,5400.0,16.793393118,0.34950425799999996
346,5400.0,71.946310946,5.603527283999999
346,5500.0,17.200193155999997,0.35523383599999997
346,5500.0,71.585347532,5.3915328979999995
346,5600.0,17.612722771999998,0.366692992
346,5600.0,71.212924962,5.190997668
346,5700.0,18.025252388000002,0.37815214799999997
346,5700.0,70.83477281399999,5.007651172
346,5800.0,18.44924116,0.389611304
346,5800.0,70.44516150999999,4.84149341
346,5900.0,18.873229931999997,0.40107045999999996
346,5900.0,70.04982062799999,4.681065226
346,6000.0,19.30867786,0.406800038
346,6000.0,69.64302058999999,4.52636662
346,6100.0,19.749855366,0.41825919399999995
346,6100.0,69.224761396,4.38312717
346,6200.0,20.196762449999998,0.42971834999999997
346,6200.0,68.806502202,4.251346876
346,6300.0,20.655128689999998,0.44690708399999995
346,6300.0,68.37105427399999,4.119566582
346,6400.0,21.119224508000002,0.45836624
346,6400.0,67.92987676799999,3.9992454439999996
346,6500.0,21.589049904,0.46982539599999995
346,6500.0,67.477240106,3.878924306
346,6600.0,22.070334455999998,0.481284552
346,6600.0,67.01887386599999,3.764332746
346,6700.0,22.563078164,0.49274370799999995
346,6700.0,66.543318892,3.6554707639999995
346,6800.0,23.067281028,0.509932442
346,6800.0,66.06203434,3.55233836
346,6900.0,23.57721347,0.521391598
346,6900.0,65.56356105399999,3.449205956
346,7000.0,24.104334645999998,0.538580332
346,7000.0,65.05935819,3.35180313
346,7100.0,24.642914978,0.5500394879999999
346,7100.0,64.53223701399999,3.254400304
346,7200.0,25.192954466,0.567228222
346,7200.0,63.999386259999994,3.156997478
346,7300.0,25.760182688,0.584416956
346,7300.0,63.449346772000006,3.06532423
346,7400.0,26.344599644,0.60160569
346,7400.0,62.876388972,2.9736509819999997
346,7500.0,26.946205334,0.6187944240000001
346,7500.0,62.291972016,2.881977734
346,7600.0,27.570729336,0.6359831579999999
346,7600.0,61.684636747999996,2.7960340639999997
346,7700.0,28.212442071999998,0.65890147
346,7700.0,61.054383167999994,2.710090394
346,7800.0,28.882802698,0.681819782
346,7800.0,60.39548169799999,2.6241467239999996
346,7900.0,29.581811213999995,0.6990085159999999
346,7900.0,59.713661916,2.538203054
346,8000.0,30.315197198,0.7276564059999999
346,8000.0,58.997464666,2.4522593839999995
346,8100.0,31.08296065,0.750574718
346,8100.0,58.241160369999996,2.3663157139999997
346,8200.0,31.896560726,0.779222608
346,8200.0,57.439019449999996,2.280372044
346,8300.0,32.761727003999994,0.807870498
346,8300.0,56.585312328,2.1944283739999997
346,8400.0,33.695648218,0.842247966
346,8400.0,55.668579848,2.102755126
346,8500.0,34.715513101999996,0.882355012
346,8500.0,54.665903698,2.011081878
346,8600.0,35.849969546000004,0.922462058
346,8600.0,53.54290641,1.9136790519999998
346,8700.0,37.150583751999996,0.97402826
346,8700.0,52.265210516,1.8162762259999998
346,8800.0,38.714758546,1.037053618
346,8800.0,50.712494878,1.695955088
346,8900.0,40.863350296,1.134456444
346,8900.0,48.57536228399999,1.552715638
380,100.0,0.206264808,0.005729578
380,200.0,0.406800038,0.005729578
380,300.0,0.6073352679999999,0.011459156
380,400.0,0.819329654,0.017188733999999997
380,500.0,1.025594462,0.022918312
380,600.0,1.2433184259999999,0.022918312
380,700.0,1.4553128119999998,0.02864789
380,800.0,1.678766354,0.034377467999999994
380,900.0,1.896490318,0.04010704599999999
380,1000.0,2.11994386,0.045836624
380,1100.0,2.34912698,0.045836624
380,1200.0,2.5783101,0.051566202
380,1300.0,2.813222798,0.05729578
380,1400.0,3.048135496,0.063025358
380,1500.0,3.288777772,0.06875493599999999
380,1600.0,3.529420048,0.074484514
380,1700.0,3.7700623239999995,0.08021409199999999
380,1800.0,4.016434178,0.08594367
380,1900.0,4.26853561,0.08594367
380,2000.0,4.514907463999999,0.091673248
380,2100.0,4.772738474,0.097402826
380,2200.0,5.030569484,0.103132404
380,2300.0,5.288400493999999,0.108861982
380,2400.0,5.551961082,0.11459156
380,2500.0,5.81552167,0.120321138
380,2600.0,6.084811836,0.126050716
380,2700.0,6.354102002,0.131780294
380,2800.0,6.623392168,0.13750987199999998
380,2900.0,6.898411912,0.14323945
380,3000.0,7.1791612339999995,0.148969028
380,3100.0,7.459910555999999,0.15469860600000002
380,3200.0,7.740659878,0.16042818399999997
380,3300.0,8.027138778,0.166157762
380,3400.0,8.313617678,0.17188734
380,3500.0,8.605826156,0.17761691799999998
380,3600.0,8.898034634,0.183346496
380,3700.0,9.19597269,0.18907607399999998
380,3800.0,9.493910746,0.194805652
380,3900.0,9.79757838,0.20053522999999998
380,4000.0,10.101246014,0.211994386
380,4100.0,10.404913647999999,0.217723964
380,4200.0,10.71431086,0.22345354199999998
380,4300.0,11.02943765,0.22918312
380,4400.0,11.34456444,0.23491269799999998
380,4500.0,11.65969123,0.24637185399999997
380,4600.0,11.986277175999998,0.252101432
380,4700.0,12.307133544000001,0.25783100999999997
380,4800.0,12.633719489999999,0.263560588
380,4900.0,12.966035014000001,0.27501974399999995
380,5000.0,13.298350538,0.280749322
380,5100.0,13.63639564,0.2864789
380,5200.0,13.974440742,0.297938056
380,5200.0,74.266790036,8.199026117999999
380,5300.0,14.318215422,0.30366763399999996
380,5300.0,74.00322944799998,7.786496502
380,5400.0,14.66771968,0.31512679
380,5400.0,73.73393928200001,7.414073932
380,5500.0,15.017223938,0.32085636799999995
380,5500.0,73.45318996,7.076028829999999
380,5600.0,15.372457774,0.332315524
380,5600.0,73.16671106,6.766631617999999
380,5700.0,15.733421188000001,0.338045102
380,5700.0,72.86877300399999,6.491611873999999
380,5800.0,16.094384601999998,0.34950425799999996
380,5800.0,72.56510537,6.233780864
380,5900.0,16.461077594,0.35523383599999997
380,5900.0,72.25570815799999,6.004597744
380,6000.0,16.827770586,0.366692992
380,6000.0,71.93485179,5.78687378
380,6100.0,17.205922734,0.37242257
380,6100.0,71.613995422,5.58633855
380,6200.0,17.584074882,0.383881726
380,6200.0,71.281679898,5.397262476
380,6300.0,17.967956608,0.395340882
380,6300.0,70.937905218,5.225375136
380,6400.0,18.357567911999997,0.40107045999999996
380,6400.0,70.59413053799999,5.064946952
380,6500.0,18.752908794,0.412529616
380,6500.0,70.238896702,4.910248346
380,6600.0,19.153979254,0.423988772
380,6600.0,69.877933288,4.767008896
380,6700.0,19.560779292,0.435447928
380,6700.0,69.511240296,4.629499023999999
380,6800.0,19.973308908,0.44690708399999995
380,6800.0,69.138817726,4.49771873
380,6900.0,20.391568101999997,0.45836624
380,6900.0,68.754936,4.371668014
380,7000.0,20.815556874,0.46982539599999995
380,7000.0,68.365324696,4.251346876
380,7100.0,21.245275224,0.481284552
380,7100.0,67.964254236,4.136755316
380,7200.0,21.680723152,0.49274370799999995
380,7200.0,67.55745419799999,4.027893334
380,7300.0,22.127630235999998,0.504202864
380,7300.0,67.144924582,3.919031352
380,7400.0,22.580266898,0.5156620199999999
380,7400.0,66.72093581,3.8158989479999996
380,7500.0,23.044362716,0.532850754
380,7500.0,66.285487882,3.7184961220000003
380,7600.0,23.514188112,0.54430991
380,7600.0,65.844310376,3.621093296
380,7700.0,23.995472664,0.555769066
380,7700.0,65.39167371399999,3.52369047
380,7800.0,24.482486794,0.5729578
380,7800.0,64.927577896,3.432017222
380,7900.0,24.986689658,0.584416956
380,7900.0,64.452022922,3.3403439739999996
380,8000.0,25.502351678,0.60160569
380,8000.0,63.965008792,3.248670726
380,8100.0,26.029472853999998,0.6187944240000001
380,8100.0,63.466535506,3.162727056
380,8200.0,26.568053185999997,0.6359831579999999
380,8200.0,62.950873486,3.0767833860000002
380,8300.0,27.123822251999997,0.653171892
380,8300.0,62.418022732000004,2.990839716
380,8400.0,27.696780051999998,0.6703606259999999
380,8400.0,61.873712822,2.9106256239999997
380,8500.0,28.286926586,0.68754936
380,8500.0,61.3064846,2.830411532
380,8600.0,28.894261854,0.7104676719999999
380,8600.0,60.716338066,2.7444678619999996
380,8700.0,29.524515433999998,0.7276564059999999
380,8700.0,60.10900279799999,2.6642537699999997
380,8800.0,30.183416903999998,0.750574718
380,8800.0,59.47301964,2.584039678
380,8900.0,30.870966263999996,0.7734930299999999
380,8900.0,58.808388592,2.503825586
380,9000.0,31.592893091999997,0.796411342
380,9000.0,58.103650498,2.4236114939999998
380,9100.0,32.349197388,0.825059232
380,9100.0,57.37026451399999,2.343397402
380,9200.0,33.157067886,0.853707122
380,9200.0,56.57958275,2.26318331
380,9300.0,34.027963742,0.88808459
380,9300.0,55.737334784,2.17723964
380,9400.0,34.961884956,0.922462058
380,9400.0,54.826331882,2.09129597
380,9500.0,35.99893857399999,0.962569104
380,9500.0,53.812196576,1.9996227219999998
380,9600.0,37.162042908,1.014135306
380,9600.0,52.672010553999996,1.9079494739999998
380,9700.0,38.53141205,1.0714310859999998
380,9700.0,51.325559723999994,1.7990874919999997
380,9800.0,40.273203761999994,1.1459156
380,9800.0,49.606686323999995,1.678766354
380,9900.0,43.332798413999996,1.3006142059999999
380,9900.0,46.575739561999995,1.478231124
453,100.0,0.14323945,0.005729578
453,200.0,0.2864789,0.005729578
453,300.0,0.42971834999999997,0.011459156
453,400.0,0.5729578,0.011459156
453,500.0,0.721926828,0.017188733999999997
453,600.0,0.870895856,0.022918312
453,700.0,1.025594462,0.022918312
453,800.0,1.1802930680000001,0.02864789
453,900.0,1.334991674,0.02864789
453,1000.0,1.48969028,0.034377467999999994
453,1100.0,1.650118464,0.04010704599999999
453,1200.0,1.810546648,0.04010704599999999
453,1300.0,1.97670441,0.045836624
453,1400.0,2.1428621719999996,0.051566202
453,1500.0,2.3147495119999997,0.051566202
453,1600.0,2.4866368519999997,0.05729578
453,1700.0,2.658524192,0.063025358
453,1800.0,2.83614111,0.06875493599999999
453,1900.0,3.013758028,0.06875493599999999
453,2000.0,3.191374946,0.074484514
453,2100.0,3.374721442,0.08021409199999999
453,2200.0,3.563797516,0.08594367
453,2300.0,3.7528735899999996,0.08594367
453,2400.0,3.9419496639999996,0.091673248
453,2500.0,4.136755316,0.097402826
453,2600.0,4.331560968,0.103132404
453,2700.0,4.532096198,0.108861982
453,2800.0,4.7326314279999995,0.108861982
453,2900.0,4.938896236,0.11459156
453,3000.0,5.145161044,0.120321138
453,3100.0,5.35715543,0.126050716
453,3200.0,5.569149816,0.131780294
453,3300.0,5.78687378,0.13750987199999998
453,3400.0,6.004597744,0.14323945
453,3500.0,6.2280512859999995,0.148969028
453,3600.0,6.451504827999999,0.15469860600000002
453,3700.0,6.680687947999999,0.16042818399999997
453,3800.0,6.909871067999999,0.166157762
453,3900.0,7.144783766,0.17188734
453,4000.0,7.379696464,0.17761691799999998
453,4100.0,7.614609162,0.183346496
453,4200.0,7.855251437999999,0.18907607399999998
453,4300.0,8.101623292,0.194805652
453,4400.0,8.347995145999999,0.20053522999999998
453,4500.0,8.600096577999999,0.206264808
453,4600.0,8.846468432,0.211994386
453,4700.0,9.104299442,0.217723964
453,4800.0,9.362130452,0.22345354199999998
453,4900.0,9.619961462,0.22918312
453,5000.0,9.88352205,0.23491269799999998
453,5100.0,10.147082637999999,0.240642276
453,5200.0,10.416372804,0.24637185399999997
453,5300.0,10.691392548,0.252101432
453,5400.0,10.960682714,0.263560588
453,5500.0,11.241432035999999,0.269290166
453,5600.0,11.516451779999999,0.27501974399999995
453,5700.0,11.80293068,0.280749322
453,5800.0,12.083680002,0.2864789
453,5900.0,12.370158902,0.297938056
453,6000.0,12.66236738,0.30366763399999996
453,6100.0,12.954575857999998,0.30939721200000003
453,6200.0,13.252513914,0.31512679
453,6300.0,13.55045197,0.326585946
453,6300.0,74.049066072,8.806361385999999
453,6400.0,13.854119604,0.332315524
453,6400.0,73.84280126399999,8.433938816
453,6500.0,14.157787238,0.338045102
453,6500.0,73.6250773,8.090164135999999
453,6600.0,14.46718445,0.34950425799999996
453,6600.0,73.40162375799999,7.775037345999999
453,6700.0,14.776581661999998,0.35523383599999997
453,6700.0,73.172440638,7.47709929
453,6800.0,15.091708451999999,0.366692992
453,6800.0,72.93752794,7.207809124
453,6900.0,15.406835241999998,0.37242257
453,6900.0,72.70261524200001,6.961437269999999
453,7000.0,15.727691609999999,0.383881726
453,7000.0,72.45624338799999,6.726524572
453,7100.0,16.048547978000002,0.389611304
453,7100.0,72.204141956,6.514530186
453,7200.0,16.375133924,0.40107045999999996
453,7200.0,71.946310946,6.313994956
453,7300.0,16.707449448000002,0.406800038
453,7300.0,71.688479936,6.124918882
453,7400.0,17.039764971999997,0.41825919399999995
453,7400.0,71.41918977,5.947301963999999
453,7500.0,17.377810074,0.423988772
453,7500.0,71.149899604,5.781144202
453,7600.0,17.721584754,0.435447928
453,7600.0,70.869150282,5.626445596
453,7700.0,18.065359434,0.441177506
453,7700.0,70.58840096,5.477476567999999
453,7800.0,18.414863691999997,0.452636662
453,7800.0,70.30192206,5.334237118
453,7900.0,18.76436795,0.46409581799999994
453,7900.0,70.009713582,5.196727246
453,8000.0,19.119601785999997,0.475554974
453,8000.0,69.711775526,5.07067653
453,8100.0,19.4805652,0.481284552
453,8100.0,69.408107892,4.9503553920000005
453,8200.0,19.847258191999998,0.49274370799999995
453,8200.0,69.104440258,4.830034253999999
453,8300.0,20.213951184,0.504202864
453,8300.0,68.78931346799999,4.715442694
453,8400.0,20.592103331999997,0.5156620199999999
453,8400.0,68.4684571,4.606580712
453,8500.0,20.97025548,0.527121176
453,8500.0,68.147600732,4.503448307999999
453,8600.0,21.354137205999997,0.538580332
453,8600.0,67.81528520799999,4.400315903999999
453,8700.0,21.74374851,0.5500394879999999
453,8700.0,67.477240106,4.302913078
453,8800.0,22.139089392,0.561498644
453,8800.0,67.139195004,4.205510252
453,8900.0,22.540159852,0.5729578
453,8900.0,66.789690746,4.113837004
453,9000.0,22.94695989,0.584416956
453,9000.0,66.43445691,4.022163756
453,9100.0,23.365219084,0.595876112
453,9100.0,66.073493496,3.9304905079999997
453,9200.0,23.783478278,0.6073352679999999
453,9200.0,65.701070926,3.8445468379999994
453,9300.0,24.213196628,0.624524002
453,9300.0,65.32291877799999,3.7586031679999996
453,9400.0,24.648644555999997,0.6359831579999999
453,9400.0,64.939037052,3.6726594979999994
453,9500.0,25.089822061999996,0.653171892
453,9500.0,64.54369617,3.592445406
453,9600.0,25.542458724,0.664631048
453,9600.0,64.14262571,3.5122313139999997
453,9700.0,26.006554541999996,0.681819782
453,9700.0,63.730096094,3.432017222
453,9800.0,26.476379938,0.693278938
453,9800.0,63.311836899999996,3.357532708
453,9900.0,26.95766449,0.7104676719999999
453,9900.0,62.876388972,3.2830481939999996
453,10000.0,27.450408198,0.7276564059999999
453,10000.0,62.435211466,3.2085636799999997
453,10100.0,27.954611061999998,0.74484514
453,10100.0,61.976845226,3.1340791660000002
453,10200.0,28.470273082,0.762033874
453,10200.0,61.50701983,3.059594652
453,10300.0,29.003123835999997,0.779222608
453,10300.0,61.0200057,2.985110138
453,10400.0,29.547433746000003,0.8021409199999999
453,10400.0,60.52153241399999,2.9106256239999997
453,10500.0,30.114661968,0.819329654
453,10500.0,60.000140816,2.8418706879999998
453,10600.0,30.693349346,0.842247966
453,10600.0,59.461560483999996,2.767386174
453,10700.0,31.300684613999994,0.8651662779999999
453,10700.0,58.90006184,2.69290166
453,10800.0,31.930938193999996,0.88808459
453,10800.0,58.315644883999994,2.6241467239999996
453,10900.0,32.589839663999996,0.911002902
453,10900.0,57.702580038,2.5496622099999997
453,11000.0,33.277389023999994,0.9396507919999999
453,11000.0,57.055137724,2.4751776960000003
453,11100.0,34.005045429999996,0.9682986819999999
453,11100.0,56.36758836399999,2.400693182
453,11200.0,34.77853846,1.0026761499999999
453,11200.0,55.63420238,2.326208668
453,11300.0,35.603597691999994,1.037053618
453,11300.0,54.84925019399999,2.245994576
453,11400.0,36.503141438,1.0714310859999998
453,11400.0,53.984083916,2.165780484
453,11500.0,37.505817588,1.11726771
453,11500.0,53.021514812,2.0798368139999996
453,11600.0,38.64600361,1.168833912
453,11600.0,51.915706258,1.982433988
453,11700.0,40.026831908,1.23185927
453,11700.0,50.58071458399999,1.8793015839999998
453,11800.0,41.900403913999995,1.329262096
453,11800.0,48.741520046,1.741791712
544,100.0,0.103132404,0.0
544,200.0,0.20053522999999998,0.005729578
544,300.0,0.297938056,0.005729578
544,400.0,0.395340882,0.011459156
544,500.0,0.49847328599999996,0.011459156
544,600.0,0.60160569,0.017188733999999997
544,700.0,0.704738094,0.017188733999999997
544,800.0,0.813600076,0.022918312
544,900.0,0.91673248,0.022918312
544,1000.0,1.025594462,0.02864789
544,1100.0,1.134456444,0.02864789
544,1200.0,1.2433184259999999,0.034377467999999994
544,1300.0,1.357909986,0.034377467999999994
544,1400.0,1.472501546,0.04010704599999999
544,1500.0,1.587093106,0.04010704599999999
544,1600.0,1.7016846659999998,0.045836624
544,1700.0,1.822005804,0.045836624
544,1800.0,1.9365973639999998,0.051566202
544,1900.0,2.056918502,0.05729578
544,2000.0,2.1829692179999998,0.05729578
544,2100.0,2.303290356,0.063025358
544,2200.0,2.4293410719999997,0.063025358
544,2300.0,2.555391788,0.06875493599999999
544,2400.0,2.687172082,0.074484514
544,2500.0,2.813222798,0.074484514
544,2600.0,2.945003092,0.08021409199999999
544,2700.0,3.0767833860000002,0.08594367
544,2800.0,3.214293258,0.08594367
544,2900.0,3.35180313,0.091673248
544,3000.0,3.489313002,0.091673248
544,3100.0,3.6325524519999997,0.097402826
544,3200.0,3.7700623239999995,0.103132404
544,3300.0,3.919031352,0.108861982
544,3400.0,4.0622708020000005,0.108861982
544,3500.0,4.21123983,0.11459156
544,3600.0,4.360208857999999,0.120321138
544,3700.0,4.514907463999999,0.120321138
544,3800.0,4.6696060699999995,0.126050716
544,3900.0,4.824304676,0.131780294
544,4000.0,4.979003282,0.13750987199999998
544,4100.0,5.139431466,0.14323945
544,4200.0,5.305589228,0.14323945
544,4300.0,5.47174699,0.148969028
544,4400.0,5.637904752,0.15469860600000002
544,4500.0,5.809792092,0.16042818399999997
544,4600.0,5.981679432,0.166157762
544,4700.0,6.1535667720000005,0.17188734
544,4800.0,6.33118369,0.17188734
544,4900.0,6.508800608,0.17761691799999998
544,5000.0,6.692147103999999,0.183346496
544,5100.0,6.8754935999999995,0.18907607399999998
544,5200.0,7.0645696739999995,0.194805652
544,5300.0,7.253645747999999,0.20053522999999998
544,5400.0,7.442721822,0.206264808
544,5500.0,7.6375274740000005,0.211994386
544,5600.0,7.832333125999999,0.217723964
544,5700.0,8.032868356,0.22345354199999998
544,5800.0,8.239133164,0.22918312
544,5900.0,8.439668394,0.23491269799999998
544,6000.0,8.645933202,0.240642276
544,6100.0,8.857927587999999,0.24637185399999997
544,6200.0,9.069921974,0.252101432
544,6300.0,9.287645937999999,0.25783100999999997
544,6400.0,9.505369902,0.263560588
544,6500.0,9.723093866,0.269290166
544,6600.0,9.946547407999999,0.27501974399999995
544,6700.0,10.17000095,0.2864789
544,6800.0,10.399184069999999,0.292208478
544,6900.0,10.628367189999999,0.297938056
544,7000.0,10.863279888,0.30366763399999996
544,7100.0,11.098192586,0.30939721200000003
544,7200.0,11.338834862,0.31512679
544,7300.0,11.579477138,0.326585946
544,7400.0,11.820119414,0.332315524
544,7500.0,12.066491267999998,0.338045102
544,7600.0,12.3185927,0.34377468
544,7700.0,12.570694132,0.35523383599999997
544,7800.0,12.822795564,0.360963414
544,7900.0,13.080626574,0.366692992
544,8000.0,13.338457584,0.37242257
544,8000.0,73.47037869399999,9.207431845999999
544,8100.0,13.602018172,0.383881726
544,8100.0,73.29849135399999,8.898034634
544,8200.0,13.86557876,0.389611304
544,8200.0,73.120874436,8.605826156
544,8300.0,14.134868926,0.40107045999999996
544,8300.0,72.943257518,8.330806412
544,8400.0,14.404159092,0.406800038
544,8400.0,72.759911022,8.07870498
544,8500.0,14.679178835999998,0.412529616
544,8500.0,72.570834948,7.838062704
544,8600.0,14.95419858,0.423988772
544,8600.0,72.381758874,7.608879584
544,8700.0,15.234947901999998,0.42971834999999997
544,8700.0,72.186953222,7.396885198
544,8800.0,15.515697224,0.441177506
544,8800.0,71.986417992,7.202079546
544,8900.0,15.802176124,0.44690708399999995
544,8900.0,71.780153184,7.013003472
544,9000.0,16.088655024,0.45836624
544,9000.0,71.573888376,6.835386553999999
544,9100.0,16.375133924,0.46409581799999994
544,9100.0,71.36189399,6.663499214
544,9200.0,16.67307198,0.475554974
544,9200.0,71.149899604,6.50307103
544,9300.0,16.965280458000002,0.481284552
544,9300.0,70.93217564,6.354102002
544,9400.0,17.268948092,0.49274370799999995
544,9400.0,70.708722098,6.205132974
544,9500.0,17.566886148000002,0.504202864
544,9500.0,70.485268556,6.067623102
544,9600.0,17.87628336,0.509932442
544,9600.0,70.256085436,5.935842807999999
544,9700.0,18.185680572,0.521391598
544,9700.0,70.02117273799999,5.809792092
544,9800.0,18.495077784,0.532850754
544,9800.0,69.78626004,5.6837413759999995
544,9900.0,18.810204574,0.538580332
544,9900.0,69.545617764,5.569149816
544,10000.0,19.131060941999998,0.5500394879999999
544,10000.0,69.304975488,5.454558256
544,10100.0,19.45191731,0.561498644
544,10100.0,69.058603634,5.345696274
544,10200.0,19.778503255999997,0.5729578
544,10200.0,68.806502202,5.236834292
544,10300.0,20.11081878,0.5786873779999999
544,10300.0,68.548671192,5.133701887999999
544,10400.0,20.443134304,0.5901465340000001
544,10400.0,68.290840182,5.036299062
544,10500.0,20.781179406,0.60160569
544,10500.0,68.02727959399999,4.938896236
544,10600.0,21.119224508000002,0.6130648459999999
544,10600.0,67.75798942799999,4.84149341
544,10700.0,21.468728765999998,0.624524002
544,10700.0,67.488699262,4.749820162
544,10800.0,21.818233024,0.6359831579999999
544,10800.0,67.21367951799999,4.663876492
544,10900.0,22.167737281999997,0.647442314
544,10900.0,66.932930196,4.577932822
544,11000.0,22.528700695999998,0.65890147
544,11000.0,66.646451296,4.491989152
544,11100.0,22.88966411,0.6703606259999999
544,11100.0,66.35424281799999,4.41177506
544,11200.0,23.256357102,0.681819782
544,11200.0,66.06203434,4.325831389999999
544,11300.0,23.63450925,0.6990085159999999
544,11300.0,65.758366706,4.251346876
544,11400.0,24.00693182,0.7104676719999999
544,11400.0,65.454699072,4.171132784
544,11500.0,24.390813545999997,0.721926828
544,11500.0,65.14530186,4.09664827
544,11600.0,24.78042485,0.739115562
544,11600.0,64.83017507,4.022163756
544,11700.0,25.175765732,0.750574718
544,11700.0,64.503589124,3.947679242
544,11800.0,25.576836192,0.762033874
544,11800.0,64.17700317799999,3.8731947279999996
544,11900.0,25.98363623,0.779222608
544,11900.0,63.838958076,3.804439792
544,12000.0,26.401895424,0.796411342
544,12000.0,63.495183396,3.735684856
544,12100.0,26.820154618,0.807870498
544,12100.0,63.14567913799999,3.66692992
544,12200.0,27.249872968000002,0.825059232
544,12200.0,62.784715723999994,3.5981749839999995
544,12300.0,27.691050474,0.842247966
544,12300.0,62.418022732000004,3.529420048
544,12400.0,28.137957558,0.8594366999999999
544,12400.0,62.03987058399999,3.4606651119999996
544,12500.0,28.596323798,0.876625434
544,12500.0,61.65598885799999,3.391910176
544,12600.0,29.060419615999997,0.8938141679999999
544,12600.0,61.260647976,3.328884818
544,12700.0,29.541704168,0.911002902
544,12700.0,60.853847937999994,3.2601298819999998
544,12800.0,30.034447876,0.9281916359999999
544,12800.0,60.43558874399999,3.197104524
544,12900.0,30.538650739999998,0.951109948
544,12900.0,60.000140816,3.128349588
544,13000.0,31.05431276,0.9682986819999999
544,13000.0,59.558963309999996,3.06532423
544,13100.0,31.587163513999997,0.991216994
544,13100.0,59.094867492000006,2.9965692939999995
544,13200.0,32.14293258,1.014135306
544,13200.0,58.61358294,2.933543936
544,13300.0,32.71589038,1.037053618
544,13300.0,58.115109653999994,2.864789
544,13400.0,33.306036913999996,1.065701508
544,13400.0,57.593718056,2.8017636419999996
544,13500.0,33.924831338,1.094349398
544,13500.0,57.043678568,2.733008706
544,13600.0,34.57800323,1.122997288
544,13600.0,56.470720768,2.6642537699999997
544,13700.0,35.259823012,1.151645178
544,13700.0,55.857655922,2.595498834
544,13800.0,35.98174984,1.1860226459999998
544,13800.0,55.204484029999996,2.52101432
544,13900.0,36.760972448,1.2261296919999998
544,13900.0,54.499745936000004,2.446529806
544,14000.0,37.597490836,1.266236738
544,14000.0,53.73198248399999,2.3720452919999997
544,14100.0,38.525682472,1.3120733619999998
544,14100.0,52.878275362,2.286101622
544,14200.0,39.574195246,1.363639564
544,14200.0,51.904247102,2.2001579519999996
544,14300.0,40.811784094,1.4323945
544,14300.0,50.729683611999995,2.097025548
544,14400.0,42.438984246000004,1.524067748
544,14400.0,49.154049662,1.9709748319999998
659,100.0,0.06875493599999999,0.0
659,200.0,0.13750987199999998,0.005729578
659,300.0,0.20053522999999998,0.005729578
659,400.0,0.269290166,0.005729578
659,500.0,0.338045102,0.011459156
659,600.0,0.406800038,0.011459156
659,700.0,0.475554974,0.011459156
659,800.0,0.5500394879999999,0.017188733999999997
659,900.0,0.6187944240000001,0.017188733999999997
659,1000.0,0.693278938,0.017188733999999997
659,1100.0,0.767763452,0.022918312
659,1200.0,0.842247966,0.022918312
659,1300.0,0.91673248,0.02864789
659,1400.0,0.991216994,0.02864789
659,1500.0,1.065701508,0.02864789
659,1600.0,1.140186022,0.034377467999999994
659,1700.0,1.220400114,0.034377467999999994
659,1800.0,1.3006142059999999,0.04010704599999999
659,1900.0,1.380828298,0.04010704599999999
659,2000.0,1.46104239,0.04010704599999999
659,2100.0,1.5412564819999999,0.045836624
659,2200.0,1.621470574,0.045836624
659,2300.0,1.707414244,0.051566202
659,2400.0,1.7876283359999998,0.051566202
659,2500.0,1.873572006,0.05729578
659,2600.0,1.959515676,0.05729578
659,2700.0,2.045459346,0.05729578
659,2800.0,2.131403016,0.063025358
659,2900.0,2.223076264,0.063025358
659,3000.0,2.3090199339999997,0.06875493599999999
659,3100.0,2.400693182,0.06875493599999999
659,3200.0,2.4923664299999997,0.074484514
659,3300.0,2.584039678,0.074484514
659,3400.0,2.6814425039999996,0.08021409199999999
659,3500.0,2.773115752,0.08021409199999999
659,3600.0,2.870518578,0.08594367
659,3700.0,2.9679214039999997,0.08594367
659,3800.0,3.06532423,0.091673248
659,3900.0,3.162727056,0.091673248
659,4000.0,3.2658594599999997,0.097402826
659,4100.0,3.368991864,0.103132404
659,4200.0,3.472124268,0.103132404
659,4300.0,3.5752566719999996,0.108861982
659,4400.0,3.678389076,0.108861982
659,4500.0,3.7872510579999994,0.11459156
659,4600.0,3.89611304,0.11459156
659,4700.0,4.004975022,0.120321138
659,4800.0,4.113837004,0.126050716
659,4900.0,4.222698986,0.126050716
659,5000.0,4.337290546,0.131780294
659,5100.0,4.451882106,0.131780294
659,5200.0,4.566473666,0.13750987199999998
659,5300.0,4.686794804,0.14323945
659,5400.0,4.807115942,0.14323945
659,5500.0,4.921707502,0.148969028
659,5600.0,5.047758217999999,0.15469860600000002
659,5700.0,5.168079356,0.15469860600000002
659,5800.0,5.294130072,0.16042818399999997
659,5900.0,5.420180788,0.166157762
659,6000.0,5.546231504,0.17188734
659,6100.0,5.678011797999999,0.17188734
659,6200.0,5.809792092,0.17761691799999998
659,6300.0,5.941572386,0.183346496
659,6400.0,6.079082258,0.18907607399999998
659,6500.0,6.210862552,0.18907607399999998
659,6600.0,6.348372424,0.194805652
659,6700.0,6.491611873999999,0.20053522999999998
659,6800.0,6.6348513239999996,0.206264808
659,6900.0,6.778090774,0.206264808
659,7000.0,6.921330223999999,0.211994386
659,7100.0,7.070299252,0.217723964
659,7200.0,7.21926828,0.22345354199999998
659,7300.0,7.368237307999999,0.22918312
659,7400.0,7.5229359140000005,0.23491269799999998
659,7500.0,7.67763452,0.240642276
659,7600.0,7.832333125999999,0.24637185399999997
659,7700.0,7.99276131,0.24637185399999997
659,7800.0,8.153189494000001,0.252101432
659,7900.0,8.319347255999999,0.25783100999999997
659,8000.0,8.485505018,0.263560588
659,8100.0,8.651662779999999,0.269290166
659,8200.0,8.82355012,0.27501974399999995
659,8300.0,8.99543746,0.280749322
659,8400.0,9.173054378,0.2864789
659,8500.0,9.344941718,0.292208478
659,8600.0,9.528288214,0.297938056
659,8700.0,9.705905132,0.30366763399999996
659,8800.0,9.889251627999998,0.30939721200000003
659,8900.0,10.078327702,0.31512679
659,9000.0,10.267403775999998,0.326585946
659,9100.0,10.45647985,0.332315524
659,9200.0,10.651285502,0.338045102
659,9300.0,10.846091154,0.34377468
659,9400.0,11.040896806,0.34950425799999996
659,9500.0,11.241432035999999,0.35523383599999997
659,9600.0,11.441967265999999,0.360963414
659,9700.0,11.648232074000001,0.37242257
659,9800.0,11.854496882,0.37815214799999997
659,9900.0,12.066491267999998,0.383881726
659,10000.0,12.278485654,0.389611304
659,10100.0,12.49048004,0.40107045999999996
659,10200.0,12.708204004,0.406800038
659,10300.0,12.925927968,0.412529616
659,10400.0,13.14938151,0.41825919399999995
659,10500.0,13.372835052,0.42971834999999997
659,10500.0,72.645319462,9.299105094
659,10600.0,13.596288594,0.435447928
659,10600.0,72.50780959,9.05273324
659,10700.0,13.825471714,0.441177506
659,10700.0,72.370299718,8.812090964000001
659,10800.0,14.060384412,0.452636662
659,10800.0,72.22706026799999,8.588637422
659,10900.0,14.289567532,0.45836624
659,10900.0,72.07809123999999,8.376643035999999
659,11000.0,14.530209807999999,0.46409581799999994
659,11000.0,71.929122212,8.170378227999999
659,11100.0,14.765122505999999,0.475554974
659,11100.0,71.780153184,7.975572575999999
659,11200.0,15.005764781999998,0.481284552
659,11200.0,71.62545457799999,7.786496502
659,11300.0,15.252136636,0.49274370799999995
659,11300.0,71.46502639399999,7.608879584
659,11400.0,15.498508489999999,0.49847328599999996
659,11400.0,71.30459821,7.442721822
659,11500.0,15.744880344,0.509932442
659,11500.0,71.144170026,7.27656406
659,11600.0,15.996981775999998,0.5156620199999999
659,11600.0,70.978012264,7.121865454
659,11700.0,16.254812786,0.527121176
659,11700.0,70.811854502,6.978626004
659,11800.0,16.512643796,0.532850754
659,11800.0,70.639967162,6.835386553999999
659,11900.0,16.770474806,0.54430991
659,11900.0,70.468079822,6.697876682
659,12000.0,17.034035394,0.5500394879999999
659,12000.0,70.290462904,6.566096387999999
659,12100.0,17.297595981999997,0.561498644
659,12100.0,70.112845986,6.440045672
659,12200.0,17.566886148000002,0.567228222
659,12200.0,69.935229068,6.319724534
659,12300.0,17.836176314,0.5786873779999999
659,12300.0,69.751882572,6.205132974
659,12400.0,18.111196058,0.5901465340000001
659,12400.0,69.56280649799999,6.096270992
659,12500.0,18.386215802,0.595876112
659,12500.0,69.373730424,5.9874090099999995
659,12600.0,18.666965124,0.6073352679999999
659,12600.0,69.18465435,5.878547028
659,12700.0,18.947714446,0.6187944240000001
659,12700.0,68.98984869799999,5.781144202
659,12800.0,19.234193345999998,0.63025358
659,12800.0,68.78931346799999,5.6837413759999995
659,12900.0,19.520672246,0.6359831579999999
659,12900.0,68.58877823799999,5.58633855
659,13000.0,19.812880724,0.647442314
659,13000.0,68.38824300799999,5.4946653020000005
659,13100.0,20.11081878,0.65890147
659,13100.0,68.1819782,5.402992053999999
659,13200.0,20.408756836,0.6703606259999999
659,13200.0,67.96998381399999,5.317048384
659,13300.0,20.71242447,0.681819782
659,13300.0,67.75798942799999,5.231104714
659,13400.0,21.016092104,0.693278938
659,13400.0,67.545995042,5.150890622
659,13500.0,21.325489316,0.704738094
659,13500.0,67.32827107799999,5.07067653
659,13600.0,21.634886528,0.71619725
659,13600.0,67.104817536,4.990462438
659,13700.0,21.950013318,0.7276564059999999
659,13700.0,66.881363994,4.915977924
659,13800.0,22.270869685999998,0.739115562
659,13800.0,66.652180874,4.84149341
659,13900.0,22.597455632,0.750574718
659,13900.0,66.422997754,4.767008896
659,14000.0,22.924041578,0.762033874
659,14000.0,66.188085056,4.692524382
659,14100.0,23.256357102,0.7734930299999999
659,14100.0,65.94744278,4.623769446
659,14200.0,23.588672625999997,0.7849521859999999
659,14200.0,65.706800504,4.5550145099999995
659,14300.0,23.926717728,0.796411342
659,14300.0,65.46042865,4.486259574
659,14400.0,24.276221986,0.813600076
659,14400.0,65.208327218,4.417504638
659,14500.0,24.619996666,0.825059232
659,14500.0,64.956225786,4.35447928
659,14600.0,24.975230502,0.8365183879999999
659,14600.0,64.698394776,4.285724343999999
659,14700.0,25.336193916,0.853707122
659,14700.0,64.434834188,4.222698986
659,14800.0,25.69715733,0.8651662779999999
659,14800.0,64.165544022,4.159673627999999
659,14900.0,26.069579899999997,0.882355012
659,14900.0,63.890524277999994,4.09664827
659,15000.0,26.44200247,0.8938141679999999
659,15000.0,63.615504533999996,4.033622912
659,15100.0,26.825884195999997,0.911002902
659,15100.0,63.329025634,3.970597554
659,15200.0,27.209765922,0.9281916359999999
659,15200.0,63.04254673399999,3.913301774
659,15300.0,27.605106804,0.9396507919999999
659,15300.0,62.74460867799999,3.850276416
659,15400.0,28.000447685999998,0.9568395259999999
659,15400.0,62.446670622,3.792980636
659,15500.0,28.407247724,0.97402826
659,15500.0,62.13727341,3.735684856
659,15600.0,28.819777339999998,0.991216994
659,15600.0,61.82214662,3.6726594979999994
659,15700.0,29.243766111999996,1.008405728
659,15700.0,61.501290252000004,3.615363718
659,15800.0,29.673484461999998,1.025594462
659,15800.0,61.174704306,3.5580679379999998
659,15900.0,30.114661968,1.042783196
659,15900.0,60.83665920399999,3.5007721579999997
659,16000.0,30.561569051999996,1.065701508
659,16000.0,60.487154946,3.4434763779999997
659,16100.0,31.019935291999996,1.082890242
659,16100.0,60.13192111,3.386180598
659,16200.0,31.489760688,1.1000789759999998
659,16200.0,59.759498539999996,3.328884818
659,16300.0,31.965315662,1.122997288
659,16300.0,59.381346392000005,3.2658594599999997
659,16400.0,32.463788948,1.1459156
659,16400.0,58.99173508799999,3.2085636799999997
659,16500.0,32.967991811999994,1.168833912
659,16500.0,58.58493505,3.1512678999999997
659,16600.0,33.495112988,1.191752224
659,16600.0,58.160946278,3.0939721199999997
659,16700.0,34.039422898,1.2146705359999999
659,16700.0,57.725498349999995,3.0309467619999997
659,16800.0,34.600921541999995,1.2433184259999999
659,16800.0,57.26713211,2.9736509819999997
659,16900.0,35.191068076,1.2719663159999999
659,16900.0,56.785847558,2.9106256239999997
659,17000.0,35.804132921999994,1.3006142059999999
659,17000.0,56.275915116,2.847600266
659,17100.0,36.445845658,1.334991674
659,17100.0,55.743064362,2.784574908
659,17200.0,37.12766544,1.3693691419999998
659,17200.0,55.170106561999994,2.7215495499999998
659,17300.0,37.849592268,1.40374661
659,17300.0,54.551312138,2.652794614
659,17400.0,38.63454445399999,1.443853656
659,17400.0,53.875221933999995,2.5783101
659,17500.0,39.499710732,1.495419858
659,17500.0,53.13037679399999,2.503825586
659,17600.0,40.47946857,1.5469860599999998
659,17600.0,52.276669672,2.4178819160000002
659,17700.0,41.636843326,1.615740996
659,17700.0,51.256804788,2.326208668
659,17800.0,43.132263183999996,1.707414244
659,17800.0,49.881706068,2.20588753
